"","unique.ger_neut...1.."
"1","A"
"2","Aas"
"3","Abbild"
"4","Abblendlicht"
"5","Abendbrot"
"6","Abendessen"
"7","Abendgymnasium"
"8","Abendkleid"
"9","Abendland"
"10","Abendmahl"
"11","Abendprogramm"
"12","Abendrot"
"13","Abenteuer"
"14","Abfallprodukt"
"15","Abfuehrmittel"
"16","Abgabesoll"
"17","Abgangszeugnis"
"18","Abgas"
"19","Abgeordnetenhaus"
"20","Abhaengigkeitsverhaeltnis"
"21","Abkommen"
"22","Ableben"
"23","Ablenkungsmanoever"
"24","Ablieferungssoll"
"25","Abnehmerland"
"26","Absatzgebiet"
"27","Abschlussexamen"
"28","Abseits"
"29","Absteigequartier"
"30","Abstellgleis"
"31","Abstimmungsergebnis"
"32","Abstraktum"
"33","Abteil"
"34","Abwasser"
"35","Abzeichen"
"36","Abziehbild"
"37","Achteck"
"38","Achtel"
"39","Achterdeck"
"40","Additiv"
"41","Ade"
"42","Adoptivkind"
"43","Adressbuch"
"44","Ae"
"45","Aederchen"
"46","Aeffchen"
"47","Aequivalent"
"48","Aergernis"
"49","Aermchen"
"50","Aerosol"
"51","Aestchen"
"52","Aethylen"
"53","Aeuglein"
"54","Aeussere"
"55","Aggregat"
"56","Agio"
"57","Agreement"
"58","Ahnenbild"
"59","Ai"
"60","Air"
"61","Akkordeon"
"62","Akkreditiv"
"63","Akkusativobjekt"
"64","Aktenzeichen"
"65","Aktienkapital"
"66","Aktionsprogramm"
"67","Aktiv"
"68","Alarmgeraet"
"69","Alarmsignal"
"70","Album"
"71","Ale"
"72","All"
"73","Allegretto"
"74","Alleinsein"
"75","Allerheiligen"
"76","Allerlei"
"77","Allgemeingut"
"78","Allheilmittel"
"79","Almosen"
"80","Alpenveilchen"
"81","Alpenvorland"
"82","Alpha"
"83","Altarbild"
"84","Alteisen"
"85","Altenheim"
"86","Altenteil"
"87","Alter"
"88","Alterchen"
"89","Altersheim"
"90","Altersjahr"
"91","Altersruhegeld"
"92","Alterswerk"
"93","Altertuemer"
"94","Altertum"
"95","Altpapier"
"96","Altwasser"
"97","Amen"
"98","Ammenmaerchen"
"99","Amphibium"
"100","Amt"
"101","Amtsgericht"
"102","Amuesement"
"103","Amulett"
"104","Analogon"
"105","Analphabetentum"
"106","Andante"
"107","Andenken"
"108","Anderthalbfache"
"109","Anerbieten"
"110","Anfangsgehalt"
"111","Anfangsstadium"
"112","Anfuehrungszeichen"
"113","Angebot"
"114","Angedenken"
"115","Angstgefuehl"
"116","Anhaengsel"
"117","Anleihen"
"118","Anliegen"
"119","Anmeldeformular"
"120","Anraten"
"121","Anrecht"
"122","Anschreiben"
"123","Ansehen"
"124","Ansinnen"
"125","Ansuchen"
"126","Antibiotikum"
"127","Antigen"
"128","Antiquariat"
"129","Antlitz"
"130","Antragsformular"
"131","Anwesen"
"132","Anzeichen"
"133","Anzeigenblatt"
"134","Aparte"
"135","Apartmenthaus"
"136","Apfelmus"
"137","Appartementhaus"
"138","Appellationsgericht"
"139","Aprilwetter"
"140","Arabische"
"141","Aral"
"142","Arbeitsamt"
"143","Arbeitsentgelt"
"144","Arbeitsergebnis"
"145","Arbeitsfeld"
"146","Arbeitsgericht"
"147","Arbeitshaus"
"148","Arbeitsklima"
"149","Arbeitsrecht"
"150","Arbeitsverhaeltnis"
"151","Arboretum"
"152","Archiv"
"153","Argon"
"154","Armaturenbrett"
"155","Armband"
"156","Armeekorps"
"157","Armenhaus"
"158","Armutszeugnis"
"159","Aroma"
"160","Arrangement"
"161","Arschloch"
"162","Arsen"
"163","Arzneimittel"
"164","As"
"165","Asylrecht"
"166","Atom"
"167","Atomgewicht"
"168","Atomkraftwerk"
"169","Atomzeitalter"
"170","Atrium"
"171","Attest"
"172","Auditorium"
"173","Aufgebot"
"174","Aufgeld"
"175","Aufheben"
"176","Aufklaerungsflugzeug"
"177","Aufkommen"
"178","Aufsehen"
"179","Auftreten"
"180","Auge"
"181","Augenglas"
"182","Augenlicht"
"183","Augenlid"
"184","Augenmass"
"185","Augenmerk"
"186","Augenzwinkern"
"187","Augurenlaecheln"
"188","Ausflugsziel"
"189","Ausfuhrverbot"
"190","Ausgehverbot"
"191","Ausgleichsamt"
"192","Aushaengeschild"
"193","Auskommen"
"194","Auskunftsbuero"
"195","Ausland"
"196","Auslandsgespraech"
"197","Ausmass"
"198","Auspuffrohr"
"199","Ausrufezeichen"
"200","Ausscheidungsspiel"
"201","Aussehen"
"202","Aussen"
"203","Aussenministerium"
"204","Ausstellungsgelaende"
"205","Ausstellungsstueck"
"206","Ausweispapier"
"207","Auto"
"208","Autogramm"
"209","Autokino"
"210","Autorenkollektiv"
"211","Autorennen"
"212","Ave"
"213","Axiom"
"214","Aztekenreich"
"215","B"
"216","Baby"
"217","Backobst"
"218","Backpulver"
"219","Bad"
"220","Badezimmer"
"221","Baeckchen"
"222","Baendchen"
"223","Baenkchen"
"224","Baerenfell"
"225","Baeumchen"
"226","Bajonett"
"227","Bakterium"
"228","Balance"
"229","Balg"
"230","Ballett"
"231","Ballspiel"
"232","Ballungsgebiet"
"233","Baltenland"
"234","Band"
"235","Bankbuch"
"236","Bankett"
"237","Bankgeheimnis"
"238","Bankguthaben"
"239","Bankkonto"
"240","Bankwesen"
"241","Banner"
"242","Bar"
"243","Barbiturat"
"244","Bargeld"
"245","Bassin"
"246","Bataillon"
"247","Bauchfell"
"248","Baudenkmal"
"249","Bauelement"
"250","Bauer"
"251","Bauernhaus"
"252","Bauernlegen"
"253","Baugewerbe"
"254","Bauholz"
"255","Baumaterial"
"256","Baumwollgarn"
"257","Bauprogramm"
"258","Bauvorhaben"
"259","Bauwerk"
"260","Bauwesen"
"261","Beamtentum"
"262","Beben"
"263","Bedauern"
"264","Bedenken"
"265","Bedienungsgeld"
"266","Beduerfnis"
"267","Beerdigungsinstitut"
"268","Beet"
"269","Befinden"
"270","Befoerderungsmittel"
"271","Befremden"
"272","Beginnen"
"273","Beglaubigungsschreiben"
"274","Begraebnis"
"275","Behagen"
"276","Beharrungsvermoegen"
"277","Beiboot"
"278","Beichtgeheimnis"
"279","Beil"
"280","Beileid"
"281","Bein"
"282","Beiprogramm"
"283","Beisein"
"284","Beispiel"
"285","Bekenntnis"
"286","Belieben"
"287","Bemerken"
"288","Benehmen"
"289","Bergamt"
"290","Bergmassiv"
"291","Bergwerk"
"292","Beryllium"
"293","Bestechungsgeld"
"294","Besteck"
"295","Beta"
"296","Betaetigungsfeld"
"297","Betragen"
"298","Betreiben"
"299","Bett"
"300","Bettuch"
"301","Bewusstsein"
"302","Biber"
"303","Bienchen"
"304","Bienlein"
"305","Bier"
"306","Bierfass"
"307","Biest"
"308","Bild"
"309","Bildnis"
"310","Bildungsideal"
"311","Bildungsprogramm"
"312","Bildungssystem"
"313","Bildungswesen"
"314","Bildungsziel"
"315","Bindeglied"
"316","Bindemittel"
"317","Binnenmeer"
"318","Blaeschen"
"319","Blasinstrument"
"320","Blatt"
"321","Blattgruen"
"322","Blattwerk"
"323","Blau"
"324","Blaulicht"
"325","Blech"
"326","Blei"
"327","Blesshuhn"
"328","Bleu"
"329","Blickfeld"
"330","Blinkfeuer"
"331","Blitzlicht"
"332","Blondhaar"
"333","Bluemchen"
"334","Bluemlein"
"335","Blumenbeet"
"336","Blut"
"337","Blutbild"
"338","Blutgefaess"
"339","Blutgerinnsel"
"340","Blutkoerperchen"
"341","Blutplasma"
"342","Bock"
"343","Bockspringen"
"344","Bodenpersonal"
"345","Boeckchen"
"346","Bogenschiessen"
"347","Bohnerwachs"
"348","Bollwerk"
"349","Bombardement"
"350","Bombenflugzeug"
"351","Bombengeschaeft"
"352","Boot"
"353","Bor"
"354","Bord"
"355","Bordell"
"356","Bossiereisen"
"357","Bot"
"358","Braeu"
"359","Brathuhn"
"360","Brauchtum"
"361","Braun"
"362","Braune"
"363","Brausebad"
"364","Brausepulver"
"365","Brautkleid"
"366","Brautpaar"
"367","Bravourstueck"
"368","Brecheisen"
"369","Brechmittel"
"370","Bremspedal"
"371","Brennholz"
"372","Brett"
"373","Brettspiel"
"374","Briefpapier"
"375","Brillenglas"
"376","Broetchen"
"377","Brot"
"378","Bruch"
"379","Bruederchen"
"380","Brustschwimmen"
"381","Buch"
"382","Buchenholz"
"383","Buechlein"
"384","Buefett"
"385","Buegelbrett"
"386","Buegeleisen"
"387","Buendel"
"388","Buendnis"
"389","Bueschel"
"390","Bullauge"
"391","Bulletin"
"392","Bund"
"393","Bundesamt"
"394","Bundesgebiet"
"395","Butterbrot"
"396","Butterbrotpapier"
"397","C"
"398","Camp"
"399","Chamaeleon"
"400","Chaos"
"401","Chlor"
"402","Chloroform"
"403","Christentum"
"404","Christfest"
"405","Chrom"
"406","D"
"407","Dach"
"408","Darlehen"
"409","Dasein"
"410","Datenverarbeitungssystem"
"411","Datum"
"412","Deck"
"413","Degenfechten"
"414","Dekanat"
"415","Delta"
"416","Denkmal"
"417","Denkvermoegen"
"418","Derivat"
"419","Des"
"420","Desinfektionsmittel"
"421","Desinteresse"
"422","Dia"
"423","Diapositiv"
"424","Dienstleistungsunternehmen"
"425","Dienstmaedchen"
"426","Dieseloel"
"427","Diesseits"
"428","Diktum"
"429","Ding"
"430","Direktorat"
"431","Direktorium"
"432","Diskuswerfen"
"433","Dock"
"434","Doerfchen"
"435","Doeschen"
"436","Dogma"
"437","Donnerwetter"
"438","Doppel"
"439","Doppelbett"
"440","Doppelfenster"
"441","Doppelleben"
"442","Doppelzimmer"
"443","Dorf"
"444","Dossier"
"445","Dreieck"
"446","Drittel"
"447","Dromedar"
"448","Dunkel"
"449","Duplikat"
"450","Durcheinander"
"451","Durchschlagpapier"
"452","Durchschnittsalter"
"453","Durchsetzungsvermoegen"
"454","E"
"455","Ebenbild"
"456","Ebenmass"
"457","Eckhaus"
"458","Edelmetall"
"459","Edelweiss"
"460","Ehrenamt"
"461","Ehrenwort"
"462","Ehrgefuehl"
"463","Ei"
"464","Eichhoernchen"
"465","Eigelb"
"466","Eigeninteresse"
"467","Eigentum"
"468","Eiland"
"469","Eilangebot"
"470","Einerlei"
"471","Eingestaendnis"
"472","Eingeweide"
"473","Einhorn"
"474","Einjaehrige"
"475","Einkommen"
"476","Einmaleins"
"477","Einschreiben"
"478","Einsehen"
"479","Einsprengsel"
"480","Einspruchsrecht"
"481","Einssein"
"482","Einst"
"483","Einswerden"
"484","Einvernehmen"
"485","Einverstaendnis"
"486","Einzel"
"487","Einzelzimmer"
"488","Eis"
"489","Eisen"
"490","Eisenhuettenwesen"
"491","Eismeer"
"492","Eiweiss"
"493","Ekel"
"494","Elektrizitaetswerk"
"495","Elektronenmikroskop"
"496","Elementarteilchen"
"497","Elen"
"498","Elend"
"499","Elendsviertel"
"500","Elfenbein"
"501","Emirat"
"502","Empfehlungsschreiben"
"503","Empfinden"
"504","Empire"
"505","Ende"
"506","Endstadium"
"507","Endziel"
"508","Enkelkind"
"509","Entgegenkommen"
"510","Entgelt"
"511","Entkommen"
"512","Entlein"
"513","Entsetzen"
"514","Entwicklungsprogramm"
"515","Enzym"
"516","Epigonentum"
"517","Epigramm"
"518","Epos"
"519","Erachten"
"520","Erbarmen"
"521","Erbgut"
"522","Erbrechen"
"523","Erbrecht"
"524","Erbstueck"
"525","Erbteil"
"526","Erdbeben"
"527","Erdgas"
"528","Erdgeschoss"
"529","Ereignis"
"530","Erfordernis"
"531","Ergebnis"
"532","Ergehen"
"533","Ergoetzen"
"534","Erinnerungsbild"
"535","Erinnerungsvermoegen"
"536","Erlebnis"
"537","Ermessen"
"538","Ermittlungsverfahren"
"539","Erntedankfest"
"540","Ersatzteil"
"541","Erscheinungsbild"
"542","Erstaunen"
"543","Erstgeburtsrecht"
"544","Ersuchen"
"545","Ertraegnis"
"546","Ertrinken"
"547","Erwachsensein"
"548","Erwarten"
"549","Erz"
"550","Erzeugnis"
"551","Erzgebirge"
"552","Erziehungsheim"
"553","Es"
"554","Eselsohr"
"555","Essen"
"556","Essgeschirr"
"557","Esszimmer"
"558","Ethos"
"559","Etwas"
"560","Euter"
"561","Evangelienbuch"
"562","Evangelium"
"563","Exemplar"
"564","Existenzminimum"
"565","Extrem"
"566","F"
"567","Fabeltier"
"568","Fabrikat"
"569","Fach"
"570","Fachbuch"
"571","Fachgebiet"
"572","Fachgeschaeft"
"573","Fachwerk"
"574","Fachwerkhaus"
"575","Faehnchen"
"576","Faehrschiff"
"577","Fahrrad"
"578","Fahrwasser"
"579","Fahrzeug"
"580","Fall"
"581","Fallbeil"
"582","Fallobst"
"583","Falsch"
"584","Falschgeld"
"585","Farbband"
"586","Farbfernsehen"
"587","Farnkraut"
"588","Fass"
"589","Fassbier"
"590","Fassungsvermoegen"
"591","Faultier"
"592","Federbett"
"593","Federgewicht"
"594","Federkleid"
"595","Federlesen"
"596","Federvieh"
"597","Fegefeuer"
"598","Fehlurteil"
"599","Feigenblatt"
"600","Feingefuehl"
"601","Feingold"
"602","Feld"
"603","Fell"
"604","Fenster"
"605","Fensterglas"
"606","Ferienhaus"
"607","Ferienheim"
"608","Ferkel"
"609","Ferngespraech"
"610","Fernrohr"
"611","Fernsehen"
"612","Fernsehinterview"
"613","Fernsprechamt"
"614","Fernweh"
"615","Fersengeld"
"616","Fertighaus"
"617","Festessen"
"618","Festgewand"
"619","Festland"
"620","Festmahl"
"621","Festspiel"
"622","Festzelt"
"623","Fett"
"624","Fettpolster"
"625","Fetzchen"
"626","Feudalsystem"
"627","Feuer"
"628","Feuerwerk"
"629","Feuerzeug"
"630","Fichtenholz"
"631","Fieberthermometer"
"632","Filmarchiv"
"633","Filmfestival"
"634","Filmstudio"
"635","Finale"
"636","Finanzamt"
"637","Fingerglied"
"638","Fingerspitzengefuehl"
"639","Fischchen"
"640","Fischerboot"
"641","Fischerdorf"
"642","Fischgericht"
"643","Fischgeschaeft"
"644","Fischgraetenmuster"
"645","Fischmehl"
"646","Flach"
"647","Flachland"
"648","Flaeschchen"
"649","Flaschenbier"
"650","Flechtwerk"
"651","Fleckchen"
"652","Fleisch"
"653","Fleischgericht"
"654","Fliegengewicht"
"655","Fliessband"
"656","Floss"
"657","Fluechtlingslager"
"658","Flugblatt"
"659","Flugzeug"
"660","Fluor"
"661","Flusspferd"
"662","Flussufer"
"663","Foerderband"
"664","Fohlen"
"665","Format"
"666","Formular"
"667","Forschungsergebnis"
"668","Forschungsinstitut"
"669","Forschungsprojekt"
"670","Forschungszentrum"
"671","Forstamt"
"672","Forstrevier"
"673","Fortkommen"
"674","Forum"
"675","Fossil"
"676","Foto"
"677","Fotoalbum"
"678","Fotomodell"
"679","Frachtgut"
"680","Frachtschiff"
"681","Fraeulein"
"682","Fragewort"
"683","Fragezeichen"
"684","Franzoesisch"
"685","Frauenzimmer"
"686","Freibad"
"687","Freibier"
"688","Freiwild"
"689","Fremdwort"
"690","Freudenmaedchen"
"691","Fruechtchen"
"692","Fruehjahr"
"693","Fruehstueck"
"694","Fuehlhorn"
"695","Fuenftel"
"696","Fuerstentum"
"697","Fuhrwerk"
"698","Fundbuero"
"699","Furioso"
"700","Fussvolk"
"701","Futter"
"702","Futtermittel"
"703","Futurum"
"704","G"
"705","Gaengelband"
"706","Gaenschen"
"707","Gaensebluemchen"
"708","Gaertchen"
"709","Gaesschen"
"710","Gaestezimmer"
"711","Galopprennen"
"712","Gamma"
"713","Ganzleinen"
"714","Garn"
"715","Gas"
"716","Gaspedal"
"717","Gasthaus"
"718","Gastspiel"
"719","Gebaeck"
"720","Gebaelk"
"721","Gebaeude"
"722","Gebein"
"723","Gebell"
"724","Gebet"
"725","Gebetbuch"
"726","Gebiet"
"727","Gebilde"
"728","Gebinde"
"729","Gebirge"
"730","Gebiss"
"731","Geblaese"
"732","Gebot"
"733","Gebraeu"
"734","Gebrech"
"735","Gebruell"
"736","Gebuesch"
"737","Geburtsdatum"
"738","Geburtsjahr"
"739","Gedaechtnis"
"740","Gedaerm"
"741","Gedicht"
"742","Gedraenge"
"743","Gedroehn"
"744","Gefaehrt"
"745","Gefaengnis"
"746","Gefaess"
"747","Gefecht"
"748","Gefieder"
"749","Geflecht"
"750","Gefluegel"
"751","Gefolge"
"752","Gefuege"
"753","Gefuehl"
"754","Gegengewicht"
"755","Gegenstueck"
"756","Gegenteil"
"757","Gegenueber"
"758","Gehabe"
"759","Gehaben"
"760","Gehaemmer"
"761","Gehaenge"
"762","Gehaeuse"
"763","Gehalt"
"764","Gehege"
"765","Geheimnis"
"766","Geheiss"
"767","Gehen"
"768","Geheul"
"769","Gehirn"
"770","Gehoeft"
"771","Gehoelz"
"772","Gehoer"
"773","Geisseltierchen"
"774","Gejammer"
"775","Gejohle"
"776","Gekicher"
"777","Geklimper"
"778","Geklirr"
"779","Geknatter"
"780","Gekraechze"
"781","Gekreisch"
"782","Gekreische"
"783","Gekritzel"
"784","Gel"
"785","Gelaechter"
"786","Gelaende"
"787","Gelaender"
"788","Gelaeute"
"789","Gelage"
"790","Gelb"
"791","Geld"
"792","Gelee"
"793","Geleise"
"794","Geleit"
"795","Gelenk"
"796","Geloebnis"
"797","Geluebde"
"798","Gemach"
"799","Gemaelde"
"800","Gemaeuer"
"801","Gemeineigentum"
"802","Gemenge"
"803","Gemetzel"
"804","Gemisch"
"805","Gemuese"
"806","Gemuesebeet"
"807","Gemuet"
"808","Gemunkel"
"809","Gemurmel"
"810","Gen"
"811","Generalkommando"
"812","Genick"
"813","Genie"
"814","Genre"
"815","Genussmittel"
"816","Gepaeck"
"817","Geplaerre"
"818","Geplaetscher"
"819","Geplauder"
"820","Gequassel"
"821","Geraet"
"822","Geraeucherte"
"823","Geraeusch"
"824","Gerassel"
"825","Gerede"
"826","Gericht"
"827","Gerippe"
"828","Geroell"
"829","Geruecht"
"830","Geruempel"
"831","Geruest"
"832","Gesaess"
"833","Gesamtergebnis"
"834","Geschaeft"
"835","Geschehen"
"836","Geschehnis"
"837","Geschenk"
"838","Geschick"
"839","Geschimpfe"
"840","Geschirr"
"841","Geschlecht"
"842","Geschmeichel"
"843","Geschmeide"
"844","Geschnatter"
"845","Geschoepf"
"846","Geschoss"
"847","Geschrei"
"848","Geschuetz"
"849","Geschwader"
"850","Geschwaetz"
"851","Geschwister"
"852","Geschwisterpaar"
"853","Geschwuer"
"854","Gesetz"
"855","Gesetzbuch"
"856","Gesicht"
"857","Gesims"
"858","Gesinde"
"859","Gesindel"
"860","Gespann"
"861","Gespenst"
"862","Gespinst"
"863","Gespraech"
"864","Gestade"
"865","Gestaendnis"
"866","Gestammel"
"867","Gestein"
"868","Gestell"
"869","Gestern"
"870","Gestirn"
"871","Gestoehn"
"872","Gestruepp"
"873","Gestuehl"
"874","Gestuet"
"875","Gesuch"
"876","Gesundheitsamt"
"877","Gesundheitswesen"
"878","Getier"
"879","Getoen"
"880","Getoese"
"881","Getraenk"
"882","Getrampel"
"883","Getreide"
"884","Getriebe"
"885","Gewaechs"
"886","Gewaechshaus"
"887","Gewaesser"
"888","Gewahrsam"
"889","Gewand"
"890","Gewebe"
"891","Gewehr"
"892","Geweih"
"893","Gewerbe"
"894","Gewicht"
"895","Gewinde"
"896","Gewirr"
"897","Gewissen"
"898","Gewitter"
"899","Gewoelbe"
"900","Gewoge"
"901","Gewuehl"
"902","Gewuerz"
"903","Gezappel"
"904","Geziefer"
"905","Gezisch"
"906","Gift"
"907","Giftgas"
"908","Gipfel"
"909","Giro"
"910","Gitter"
"911","Glas"
"912","Glasauge"
"913","Glashaus"
"914","Glatteis"
"915","Glaubensbekenntnis"
"916","Gleichgewicht"
"917","Gleichnis"
"918","Gleis"
"919","Glied"
"920","Gloeckchen"
"921","Glossar"
"922","Glueck"
"923","Glueckskind"
"924","Gluecksspiel"
"925","Glykogen"
"926","Goetterbild"
"927","Goetzenbild"
"928","Gold"
"929","Goldpapier"
"930","Golf"
"931","Gottesgericht"
"932","Gotteshaus"
"933","Gottesurteil"
"934","Grab"
"935","Grabmal"
"936","Gramm"
"937","Gras"
"938","Grau"
"939","Graubrot"
"940","Grauen"
"941","Grausen"
"942","Gravitationsfeld"
"943","Greisenalter"
"944","Grenzgebiet"
"945","Groessenverhaeltnis"
"946","Gros"
"947","Grossformat"
"948","Grosshirn"
"949","Grossmaul"
"950","Grossunternehmen"
"951","Gruen"
"952","Gruendungskapital"
"953","Gruene"
"954","Gruenfutter"
"955","Grundbuch"
"956","Grundeigentum"
"957","Grundgesetz"
"958","Grundnahrungsmittel"
"959","Grundprinzip"
"960","Grundrecht"
"961","Grundstueck"
"962","Grundwasser"
"963","Gruppenbild"
"964","Guckloch"
"965","Guerteltier"
"966","Gummiband"
"967","Gusseisen"
"968","Gut"
"969","Gutachten"
"970","Guthaben"
"971","Gymnasium"
"972","H"
"973","Haar"
"974","Hab"
"975","Haben"
"976","Habit"
"977","Hackbrett"
"978","Hackfleisch"
"979","Hackmesser"
"980","Haehnchen"
"981","Haekchen"
"982","Haendchenhalten"
"983","Haeubchen"
"984","Haeufchen"
"985","Haeuflein"
"986","Haeuschen"
"987","Hakenkreuz"
"988","Halbblut"
"989","Halbdunkel"
"990","Halbfabrikat"
"991","Halbfinale"
"992","Halfter"
"993","Hallenbad"
"994","Hallo"
"995","Halma"
"996","Halogen"
"997","Halsband"
"998","Halstuch"
"999","Halteverbot"
"1000","Hammerwerfen"
"1001","Handelsabkommen"
"1002","Handgelenk"
"1003","Handgemenge"
"1004","Handgepaeck"
"1005","Handikap"
"1006","Handtuch"
"1007","Handumdrehen"
"1008","Handwerk"
"1009","Handwerkszeug"
"1010","Harmonium"
"1011","Hartgeld"
"1012","Hartholz"
"1013","Harz"
"1014","Hasardspiel"
"1015","Haschen"
"1016","Haschisch"
"1017","Haupt"
"1018","Hauptgebaeude"
"1019","Hauptquartier"
"1020","Hauptwort"
"1021","Hauptziel"
"1022","Haus"
"1023","Haushaltsjahr"
"1024","Hausmittel"
"1025","Haustier"
"1026","Heck"
"1027","Heer"
"1028","Heerlager"
"1029","Heft"
"1030","Heftpflaster"
"1031","Heidekraut"
"1032","Heidentum"
"1033","Heil"
"1034","Heiligenbild"
"1035","Heiligtum"
"1036","Heilmittel"
"1037","Heilverfahren"
"1038","Heim"
"1039","Heimatland"
"1040","Heimatmuseum"
"1041","Heimatrecht"
"1042","Heimchen"
"1043","Heimweh"
"1044","Heizoel"
"1045","Hektar"
"1046","Heldenepos"
"1047","Heldentum"
"1048","Helium"
"1049","Helldunkel"
"1050","Helle"
"1051","Hellsehen"
"1052","Hemd"
"1053","Hemdchen"
"1054","Hemmnis"
"1055","Heroin"
"1056","Hertz"
"1057","Herz"
"1058","Herzkranzgefaess"
"1059","Heu"
"1060","Heute"
"1061","Hexagon"
"1062","Hiersein"
"1063","Hilfsmittel"
"1064","Hilfspersonal"
"1065","Hilfszeitwort"
"1066","Himmelbett"
"1067","Himmelreich"
"1068","Hindernis"
"1069","Hindernisrennen"
"1070","Hinterhaupt"
"1071","Hinterland"
"1072","Hinterrad"
"1073","Hirn"
"1074","Hirngespinst"
"1075","Hobby"
"1076","Hoch"
"1077","Hochamt"
"1078","Hochgebirge"
"1079","Hochgefuehl"
"1080","Hochhaus"
"1081","Hochland"
"1082","Hochtal"
"1083","Hochwasser"
"1084","Hochzeitsgeschenk"
"1085","Hoechstmass"
"1086","Hoelzchen"
"1087","Hoelzlein"
"1088","Hoerensagen"
"1089","Hoergeraet"
"1090","Hoernchen"
"1091","Hoerspiel"
"1092","Hoeschen"
"1093","Hoftor"
"1094","Hoheitsgewaesser"
"1095","Hoheitsrecht"
"1096","Hohlmass"
"1097","Hohngelaechter"
"1098","Holz"
"1099","Holzbein"
"1100","Holzhaus"
"1101","Honorar"
"1102","Hormon"
"1103","Horn"
"1104","Hornvieh"
"1105","Horoskop"
"1106","Hospital"
"1107","Hotel"
"1108","Huehnchen"
"1109","Huehnerauge"
"1110","Huehnerei"
"1111","Huehnerfrikassee"
"1112","Huendchen"
"1113","Huetchen"
"1114","Huettenwerk"
"1115","Hufeisen"
"1116","Huhn"
"1117","Hundert"
"1118","Hurra"
"1119","Hutband"
"1120","Hydroxyd"
"1121","Hymen"
"1122","I"
"1123","Ich"
"1124","Ideal"
"1125","Idealbild"
"1126","Idiom"
"1127","Idol"
"1128","Idyll"
"1129","Ikon"
"1130","Image"
"1131","Immergruen"
"1132","Importgeschaeft"
"1133","Imprimatur"
"1134","Inbild"
"1135","Indigoblau"
"1136","Individuum"
"1137","Indiz"
"1138","Industrieprodukt"
"1139","Industrieunternehmen"
"1140","Ineinandergreifen"
"1141","Inferno"
"1142","Informationsmaterial"
"1143","Informationssystem"
"1144","Infrarot"
"1145","Ingenieurbuero"
"1146","Inhaberpapier"
"1147","Inhaltsverzeichnis"
"1148","Initiativrecht"
"1149","Inkasso"
"1150","Inland"
"1151","Inlandeis"
"1152","Innenleben"
"1153","Innenministerium"
"1154","Innere"
"1155","Innerste"
"1156","Insekt"
"1157","Insektizid"
"1158","Inserat"
"1159","Institut"
"1160","Instrument"
"1161","Insulin"
"1162","Interessengebiet"
"1163","Interim"
"1164","Internat"
"1165","Internierungslager"
"1166","Internum"
"1167","Interrogativpronomen"
"1168","Interview"
"1169","Intrigenspiel"
"1170","Inventar"
"1171","Ion"
"1172","Irrenhaus"
"1173","Irrlicht"
"1174","Isotop"
"1175","J"
"1176","Ja"
"1177","Jaeckchen"
"1178","Jaegerlatein"
"1179","Jagdgeschwader"
"1180","Jagdgewehr"
"1181","Jagdrevier"
"1182","Jagen"
"1183","Jahr"
"1184","Jahrbuch"
"1185","Jahresabonnement"
"1186","Jahrhundert"
"1187","Jahrtausend"
"1188","Jahrzehnt"
"1189","Jawort"
"1190","Jenseits"
"1191","Jetzt"
"1192","Joch"
"1193","Jod"
"1194","Journal"
"1195","Jubeljahr"
"1196","Jubilaeum"
"1197","Juckpulver"
"1198","Judentum"
"1199","Judo"
"1200","Jugendamt"
"1201","Junge"
"1202","Jus"
"1203","Justizministerium"
"1204","Juwel"
"1205","K"
"1206","Kabarett"
"1207","Kabel"
"1208","Kabinett"
"1209","Kabriolett"
"1210","Kadmium"
"1211","Kaelbchen"
"1212","Kaemmerchen"
"1213","Kaenguruh"
"1214","Kaennchen"
"1215","Kaertchen"
"1216","Kaesemesser"
"1217","Kaestchen"
"1218","Kaetzchen"
"1219","Kaff"
"1220","Kaffeewasser"
"1221","Kaiserreich"
"1222","Kaisertum"
"1223","Kalb"
"1224","Kalbfell"
"1225","Kalbfleisch"
"1226","Kalenderjahr"
"1227","Kali"
"1228","Kaliber"
"1229","Kalium"
"1230","Kalzium"
"1231","Kamel"
"1232","Kamelhaar"
"1233","Kammerspiel"
"1234","Kammgarn"
"1235","Kampfflugzeug"
"1236","Kanapee"
"1237","Kanin"
"1238","Kaninchen"
"1239","Kanonenboot"
"1240","Kanonenfutter"
"1241","Kanu"
"1242","Kapital"
"1243","Kapitalverbrechen"
"1244","Kapitel"
"1245","Karat"
"1246","Karate"
"1247","Karbid"
"1248","Kardinalskollegium"
"1249","Karree"
"1250","Karteiblatt"
"1251","Kartell"
"1252","Kartenhaus"
"1253","Kartenspiel"
"1254","Karussell"
"1255","Kasino"
"1256","Kasperltheater"
"1257","Kastell"
"1258","Katzenauge"
"1259","Kauderwelsch"
"1260","Kaufhaus"
"1261","Kellerfenster"
"1262","Kennwort"
"1263","Kennzeichen"
"1264","Kerbholz"
"1265","Kerlchen"
"1266","Kerngebiet"
"1267","Kernkraftwerk"
"1268","Kerzenlicht"
"1269","Kettchen"
"1270","Kettenglied"
"1271","Keuschheitsgeluebde"
"1272","Kilo"
"1273","Kilogramm"
"1274","Kilowatt"
"1275","Kind"
"1276","Kindchen"
"1277","Kindergeld"
"1278","Kindesalter"
"1279","Kinkerlitzchen"
"1280","Kinn"
"1281","Kino"
"1282","Kinoprogramm"
"1283","Kirchenjahr"
"1284","Kirchenlied"
"1285","Kirchenschiff"
"1286","Kirschwasser"
"1287","Kismet"
"1288","Kissen"
"1289","Kittchen"
"1290","Kitz"
"1291","Klagegeschrei"
"1292","Klappbett"
"1293","Klar"
"1294","Klassenbewusstsein"
"1295","Klassentreffen"
"1296","Klassenzimmer"
"1297","Klatschweib"
"1298","Klavierkonzert"
"1299","Kleeblatt"
"1300","Kleid"
"1301","Kleidchen"
"1302","Kleidungsstueck"
"1303","Klein"
"1304","Kleinasien"
"1305","Kleinbuergertum"
"1306","Kleinformat"
"1307","Kleingeld"
"1308","Kleinhirn"
"1309","Kleinkind"
"1310","Kleinod"
"1311","Kleintier"
"1312","Kleinvieh"
"1313","Kletterseil"
"1314","Klima"
"1315","Klimakterium"
"1316","Klinikum"
"1317","Klischee"
"1318","Klo"
"1319","Kloesschen"
"1320","Kloetzchen"
"1321","Klosett"
"1322","Kloster"
"1323","Klubhaus"
"1324","Klubmitglied"
"1325","Kluempchen"
"1326","Knie"
"1327","Kniegelenk"
"1328","Knochengeruest"
"1329","Knoepfchen"
"1330","Knopfloch"
"1331","Kobalt"
"1332","Kochbuch"
"1333","Kochgeschirr"
"1334","Kochsalz"
"1335","Koefferchen"
"1336","Koenigreich"
"1337","Koenigtum"
"1338","Koennen"
"1339","Koepfchen"
"1340","Koerbchen"
"1341","Koernchen"
"1342","Koerpergewicht"
"1343","Koerperteil"
"1344","Kohlehydrat"
"1345","Kohlendioxyd"
"1346","Kohlepapier"
"1347","Kokain"
"1348","Kokosfett"
"1349","Kokosoel"
"1350","Kolleg"
"1351","Kollegium"
"1352","Kollektiv"
"1353","Kollektivum"
"1354","Kolorit"
"1355","Koma"
"1356","Komma"
"1357","Kommen"
"1358","Kommissariat"
"1359","Kommunikationsmittel"
"1360","Kompositum"
"1361","Kondenswasser"
"1362","Konditionstraining"
"1363","Kondominium"
"1364","Konfekt"
"1365","Konfektionsgeschaeft"
"1366","Konkordat"
"1367","Konkubinat"
"1368","Konservatorium"
"1369","Konsulat"
"1370","Konterfei"
"1371","Kontingent"
"1372","Konto"
"1373","Kontor"
"1374","Kontra"
"1375","Kontrastmittel"
"1376","Kontrollorgan"
"1377","Kontrollsystem"
"1378","Konversationslexikon"
"1379","Konzentrat"
"1380","Konzept"
"1381","Konzert"
"1382","Konzil"
"1383","Koordinatensystem"
"1384","Kopfsteinpflaster"
"1385","Kopftuch"
"1386","Kopfweh"
"1387","Kopfzerbrechen"
"1388","Koppel"
"1389","Korallenriff"
"1390","Korn"
"1391","Korrektiv"
"1392","Korrelat"
"1393","Kostgeld"
"1394","Kostuem"
"1395","Kostuemfest"
"1396","Kraefteverhaeltnis"
"1397","Kraegelchen"
"1398","Kraehennest"
"1399","Kraenzchen"
"1400","Kraftfahrzeug"
"1401","Kraftfeld"
"1402","Kraftfutter"
"1403","Kraftwerk"
"1404","Krankenbett"
"1405","Krankengeld"
"1406","Krankenhaus"
"1407","Krankenzimmer"
"1408","Krankheitsbild"
"1409","Kraul"
"1410","Kraushaar"
"1411","Kraut"
"1412","Kredit"
"1413","Kreditinstitut"
"1414","Krematorium"
"1415","Kreppapier"
"1416","Kreuz"
"1417","Kreuzband"
"1418","Kreuzverhoer"
"1419","Kreuzwortraetsel"
"1420","Kriechtier"
"1421","Kriegerdenkmal"
"1422","Kriegsende"
"1423","Kriegsgericht"
"1424","Krippenspiel"
"1425","Kristall"
"1426","Krokodil"
"1427","Kronland"
"1428","Kruemchen"
"1429","Kruzifix"
"1430","Kuegelchen"
"1431","Kuehlhaus"
"1432","Kueken"
"1433","Kuenstlertum"
"1434","Kuesschen"
"1435","Kugelgelenk"
"1436","Kugellager"
"1437","Kugelstossen"
"1438","Kulturabkommen"
"1439","Kunstdenkmal"
"1440","Kunstgewerbe"
"1441","Kunsthandwerk"
"1442","Kunststueck"
"1443","Kunstwerk"
"1444","Kunterbunt"
"1445","Kupfer"
"1446","Kuriosum"
"1447","L"
"1448","Laboratorium"
"1449","Lachen"
"1450","Ladegeraet"
"1451","Laemmchen"
"1452","Laempchen"
"1453","Laengenmass"
"1454","Laeuten"
"1455","Lager"
"1456","Lagerbier"
"1457","Lagerfeuer"
"1458","Lagerhaus"
"1459","Laienspiel"
"1460","Laken"
"1461","Lama"
"1462","Lambda"
"1463","Lamm"
"1464","Lammfell"
"1465","Lammfleisch"
"1466","Lampenfieber"
"1467","Land"
"1468","Landesamt"
"1469","Landesprodukt"
"1470","Landgericht"
"1471","Landgut"
"1472","Landhaus"
"1473","Landvolk"
"1474","Lasso"
"1475","Lastauto"
"1476","Laster"
"1477","Laub"
"1478","Leben"
"1479","Lebensalter"
"1480","Lebenselement"
"1481","Lebensende"
"1482","Lebensgefuehl"
"1483","Lebensjahr"
"1484","Lebensmittel"
"1485","Lebenswerk"
"1486","Lebenszeichen"
"1487","Lebensziel"
"1488","Lebewesen"
"1489","Lebewohl"
"1490","Leck"
"1491","Leder"
"1492","Legat"
"1493","Lehen"
"1494","Lehnwort"
"1495","Lehramt"
"1496","Lehrbuch"
"1497","Lehrerkollegium"
"1498","Lehrjahr"
"1499","Lehrmittel"
"1500","Leichenhemd"
"1501","Leichentuch"
"1502","Leichtgewicht"
"1503","Leichtmetall"
"1504","Leid"
"1505","Leiden"
"1506","Leidwesen"
"1507","Leinen"
"1508","Leinenband"
"1509","Leinenkleid"
"1510","Leinoel"
"1511","Leintuch"
"1512","Leistungsprinzip"
"1513","Leistungsvermoegen"
"1514","Leitbild"
"1515","Leittier"
"1516","Leitungsnetz"
"1517","Lektorat"
"1518","Lenkrad"
"1519","Lernmittel"
"1520","Lesebuch"
"1521","Leuchtfeuer"
"1522","Leuchtzifferblatt"
"1523","Lexem"
"1524","Lexikon"
"1525","Licht"
"1526","Lichtbild"
"1527","Lichtchen"
"1528","Lichtermeer"
"1529","Lichtspiel"
"1530","Lichtspielhaus"
"1531","Lid"
"1532","Lieb"
"1533","Liebchen"
"1534","Liebesabenteuer"
"1535","Liebesleben"
"1536","Liebeslied"
"1537","Liebesspiel"
"1538","Liebesverhaeltnis"
"1539","Lieblingskind"
"1540","Lied"
"1541","Liedchen"
"1542","Liederbuch"
"1543","Liegende"
"1544","Likoerglas"
"1545","Lila"
"1546","Liliengewaechs"
"1547","Linnen"
"1548","Linsengericht"
"1549","Lippenbekenntnis"
"1550","Lithium"
"1551","Lob"
"1552","Loblied"
"1553","Loch"
"1554","Loeckchen"
"1555","Loeschblatt"
"1556","Loeschpapier"
"1557","Loesegeld"
"1558","Loesungsmittel"
"1559","Log"
"1560","Logbuch"
"1561","Lokal"
"1562","Lokalkolorit"
"1563","Lorbeerblatt"
"1564","Los"
"1565","Losungswort"
"1566","Lot"
"1567","Lotterielos"
"1568","Lotterleben"
"1569","Luder"
"1570","Lueftchen"
"1571","Luftloch"
"1572","Luftschloss"
"1573","Luminal"
"1574","Lustgefuehl"
"1575","Lustschloss"
"1576","Lux"
"1577","M"
"1578","Machtstreben"
"1579","Machwerk"
"1580","Madonnenbild"
"1581","Maedchen"
"1582","Maedel"
"1583","Maennchen"
"1584","Maennlein"
"1585","Maentelchen"
"1586","Maerchen"
"1587","Maerchenbuch"
"1588","Maeulchen"
"1589","Maeuschen"
"1590","Magazin"
"1591","Magengeschwuer"
"1592","Magma"
"1593","Magnesium"
"1594","Magnetfeld"
"1595","Mahagoni"
"1596","Mahl"
"1597","Mahnmal"
"1598","Maigloeckchen"
"1599","Maismehl"
"1600","Mal"
"1601","Mammut"
"1602","Mandat"
"1603","Mandatsgebiet"
"1604","Manifest"
"1605","Manko"
"1606","Mannequin"
"1607","Marderfell"
"1608","Marihuana"
"1609","Mark"
"1610","Martyrium"
"1611","Marzipan"
"1612","Maschinenoel"
"1613","Maskottchen"
"1614","Mass"
"1615","Massiv"
"1616","Mastvieh"
"1617","Material"
"1618","Matinee"
"1619","Matriarchat"
"1620","Matt"
"1621","Mauerwerk"
"1622","Maul"
"1623","Maultier"
"1624","Maulwerk"
"1625","Mauseloch"
"1626","Mausoleum"
"1627","Maximum"
"1628","Medium"
"1629","Meer"
"1630","Meerschweinchen"
"1631","Meerwasser"
"1632","Megahertz"
"1633","Megaphon"
"1634","Megawatt"
"1635","Mehl"
"1636","Mehr"
"1637","Mehrfamilienhaus"
"1638","Mehrheitswahlrecht"
"1639","Meisterwerk"
"1640","Meistgebot"
"1641","Meldeamt"
"1642","Melisma"
"1643","Melodram"
"1644","Menetekel"
"1645","Menschenalter"
"1646","Menschenfleisch"
"1647","Menschengeschlecht"
"1648","Menschenherz"
"1649","Menschenhirn"
"1650","Menschenkind"
"1651","Menschenleben"
"1652","Menschenopfer"
"1653","Menschenrecht"
"1654","Menschenskind"
"1655","Menschentum"
"1656","Menschenwerk"
"1657","Menue"
"1658","Merk"
"1659","Merkmal"
"1660","Messdatum"
"1661","Messeamt"
"1662","Messegelaende"
"1663","Messer"
"1664","Messergebnis"
"1665","Messgeraet"
"1666","Messing"
"1667","Messinstrument"
"1668","Messmittel"
"1669","Metall"
"1670","Metallgewerbe"
"1671","Methan"
"1672","Methangas"
"1673","Metronom"
"1674","Mienenspiel"
"1675","Mietauto"
"1676","Mietrecht"
"1677","Mietshaus"
"1678","Mikado"
"1679","Mikrofon"
"1680","Mikrophon"
"1681","Mikroskop"
"1682","Milchglas"
"1683","Milchpulver"
"1684","Militaer"
"1685","Militaerbuendnis"
"1686","Milliampere"
"1687","Milligramm"
"1688","Millionstel"
"1689","Minenfeld"
"1690","Mineral"
"1691","Mineralbad"
"1692","Mineraloel"
"1693","Minigolf"
"1694","Minimum"
"1695","Ministerium"
"1696","Minus"
"1697","Mischfutter"
"1698","Mischungsverhaeltnis"
"1699","Missbehagen"
"1700","Missgeschick"
"1701","Missile"
"1702","Misstrauen"
"1703","Misstrauensvotum"
"1704","Missverstaendnis"
"1705","Mitbestimmungsrecht"
"1706","Mitbringsel"
"1707","Miteigentum"
"1708","Mitempfinden"
"1709","Mitgefuehl"
"1710","Mitglied"
"1711","Mitleid"
"1712","Mitnahme"
"1713","Mitspracherecht"
"1714","Mittag"
"1715","Mittagessen"
"1716","Mittagsmahl"
"1717","Mitteilungsbeduerfnis"
"1718","Mittel"
"1719","Mittelalter"
"1720","Mittelgewicht"
"1721","Mittelmass"
"1722","Mittelmeer"
"1723","Mittelschiff"
"1724","Mittelstueck"
"1725","Mobile"
"1726","Mobiliar"
"1727","Modalverb"
"1728","Modehaus"
"1729","Modell"
"1730","Modewort"
"1731","Modul"
"1732","Moebel"
"1733","Moebelstueck"
"1734","Mol"
"1735","Moll"
"1736","Moment"
"1737","Monatseinkommen"
"1738","Monatsgehalt"
"1739","Mondlicht"
"1740","Monopol"
"1741","Monopolkapital"
"1742","Monster"
"1743","Monstrum"
"1744","Monument"
"1745","Moor"
"1746","Moorbad"
"1747","Moos"
"1748","Morgengrauen"
"1749","Morgenland"
"1750","Morgenlicht"
"1751","Morgenrot"
"1752","Morphem"
"1753","Morphium"
"1754","Mosaik"
"1755","Mosaikbild"
"1756","Moskitonetz"
"1757","Motel"
"1758","Motorboot"
"1759","Motorengeraeusch"
"1760","Motorenoel"
"1761","Motorfahrzeug"
"1762","Motorrad"
"1763","Motorschiff"
"1764","Mottenpulver"
"1765","Motto"
"1766","Muehlespiel"
"1767","Muehlrad"
"1768","Muendchen"
"1769","Muendel"
"1770","Muendelgeld"
"1771","Muendungsfeuer"
"1772","Muenster"
"1773","Muenzwesen"
"1774","Muetterchen"
"1775","Muetzchen"
"1776","Mundstueck"
"1777","Mundwasser"
"1778","Mundwerk"
"1779","Murmeltier"
"1780","Mus"
"1781","Museum"
"1782","Musikinstrument"
"1783","Musikwerk"
"1784","Muster"
"1785","Musterbeispiel"
"1786","Musterbild"
"1787","Mutterherz"
"1788","Mutterland"
"1789","Muttermal"
"1790","Mutterrecht"
"1791","Mutterschiff"
"1792","Mysterienspiel"
"1793","N"
"1794","Nachbardorf"
"1795","Nachbarland"
"1796","Nachrichtenbuero"
"1797","Nachschlagewerk"
"1798","Nachsehen"
"1799","Nachspiel"
"1800","Nachtgebet"
"1801","Nachtgewand"
"1802","Nachthemd"
"1803","Nachtleben"
"1804","Nachtlokal"
"1805","Nachtschraenkchen"
"1806","Nadelholz"
"1807","Nadelkissen"
"1808","Nadeloehr"
"1809","Naehrmittel"
"1810","Naeschen"
"1811","Nagelbett"
"1812","Nagetier"
"1813","Nahrungsmittel"
"1814","Namensschild"
"1815","Napalm"
"1816","Narkotikum"
"1817","Narrenhaus"
"1818","Naschwerk"
"1819","Nasenbein"
"1820","Nasenbluten"
"1821","Nasenloch"
"1822","Naseruempfen"
"1823","Nass"
"1824","Nationalbewusstsein"
"1825","Nationale"
"1826","Nationaleinkommen"
"1827","Nationalgefuehl"
"1828","Natron"
"1829","Naturaleinkommen"
"1830","Naturereignis"
"1831","Naturgesetz"
"1832","Naturheilverfahren"
"1833","Naturkind"
"1834","Naturprodukt"
"1835","Naturrecht"
"1836","Naturschutzgebiet"
"1837","Naturwunder"
"1838","Nebelhorn"
"1839","Nebeneinander"
"1840","Nebenerzeugnis"
"1841","Nebengeraeusch"
"1842","Nebenzimmer"
"1843","Negativ"
"1844","Neolithikum"
"1845","Nervenbuendel"
"1846","Nervenleiden"
"1847","Nervensystem"
"1848","Nest"
"1849","Nettoeinkommen"
"1850","Netz"
"1851","Netzwerk"
"1852","Neugeborene"
"1853","Neujahr"
"1854","Neujahrsfest"
"1855","Neuland"
"1856","Neutron"
"1857","Nichts"
"1858","Nichtstun"
"1859","Niedrigwasser"
"1860","Niemandsland"
"1861","Nimmerwiedersehen"
"1862","Nirwana"
"1863","Nitrid"
"1864","Nitroglyzerin"
"1865","Nomen"
"1866","Nonnenkloster"
"1867","Nordland"
"1868","Nordlicht"
"1869","Notstromaggregat"
"1870","Nudelholz"
"1871","Nutzungsrecht"
"1872","O"
"1873","Obdach"
"1874","Oberdeck"
"1875","Obergeschoss"
"1876","Oberhaupt"
"1877","Oberhaus"
"1878","Oberhemd"
"1879","Oberleder"
"1880","Oberverwaltungsgericht"
"1881","Oberwasser"
"1882","Objekt"
"1883","Objektiv"
"1884","Observatorium"
"1885","Obst"
"1886","Obstmesser"
"1887","Oedland"
"1888","Oel"
"1889","Oelbild"
"1890","Oelgemaelde"
"1891","Oertchen"
"1892","Ofenrohr"
"1893","Offizierskorps"
"1894","Ohm"
"1895","Ohr"
"1896","Ohrensausen"
"1897","Ohrfeigengesicht"
"1898","Ohrlaeppchen"
"1899","Oktoberfest"
"1900","Olivenoel"
"1901","Opernhaus"
"1902","Opfer"
"1903","Opiat"
"1904","Opium"
"1905","Optimum"
"1906","Opus"
"1907","Orakel"
"1908","Ordensband"
"1909","Organ"
"1910","Organisationsbuero"
"1911","Organisationstalent"
"1912","Original"
"1913","Ornament"
"1914","Osterei"
"1915","Osterfest"
"1916","Ostern"
"1917","Oval"
"1918","Ovarium"
"1919","P"
"1920","Paar"
"1921","Pachtgut"
"1922","Pack"
"1923","Packeis"
"1924","Packpapier"
"1925","Paddelboot"
"1926","Paeckchen"
"1927","Paerchen"
"1928","Paket"
"1929","Palaver"
"1930","Pamphlet"
"1931","Panzerglas"
"1932","Papier"
"1933","Papiergeld"
"1934","Paradebeispiel"
"1935","Paradestueck"
"1936","Paradies"
"1937","Paradoxon"
"1938","Parallelogramm"
"1939","Parfuem"
"1940","Parfum"
"1941","Parkett"
"1942","Parkverbot"
"1943","Parlament"
"1944","Parteimitglied"
"1945","Parterre"
"1946","Partizipium"
"1947","Passiv"
"1948","Passivsaldo"
"1949","Passwort"
"1950","Pastell"
"1951","Pastetchen"
"1952","Patenkind"
"1953","Patent"
"1954","Patentamt"
"1955","Patentrecht"
"1956","Patentrezept"
"1957","Pathos"
"1958","Patriarchat"
"1959","Patriziat"
"1960","Patronat"
"1961","Patrouillenboot"
"1962","Pausenzeichen"
"1963","Pech"
"1964","Pedal"
"1965","Pelzwerk"
"1966","Pendel"
"1967","Penicillin"
"1968","Pensionat"
"1969","Pensum"
"1970","Perfekt"
"1971","Pergamentpapier"
"1972","Perlon"
"1973","Persoenchen"
"1974","Personal"
"1975","Personalpronomen"
"1976","Pessar"
"1977","Pfaennchen"
"1978","Pfand"
"1979","Pfandrecht"
"1980","Pfarramt"
"1981","Pfarrhaus"
"1982","Pfefferminz"
"1983","Pfeifkonzert"
"1984","Pfeilgift"
"1985","Pferd"
"1986","Pferdefleisch"
"1987","Pferderennen"
"1988","Pfingsten"
"1989","Pfingstfest"
"1990","Pflaesterchen"
"1991","Pflanzenreich"
"1992","Pflanzenschutzmittel"
"1993","Pflaster"
"1994","Pflegeheim"
"1995","Pflegekind"
"1996","Pflichtbewusstsein"
"1997","Pflichtexemplar"
"1998","Pflichtgefuehl"
"1999","Pfuendchen"
"2000","Pfund"
"2001","Phaenomen"
"2002","Pharao"
"2003","Phlegma"
"2004","Phon"
"2005","Phonem"
"2006","Photo"
"2007","Photoelement"
"2008","Photon"
"2009","Physikum"
"2010","Piano"
"2011","Pigment"
"2012","Plagiat"
"2013","Plakat"
"2014","Planetarium"
"2015","Plasma"
"2016","Plateau"
"2017","Platin"
"2018","Platt"
"2019","Plenum"
"2020","Plexiglas"
"2021","Plus"
"2022","Pneuma"
"2023","Poekelfleisch"
"2024","Pogrom"
"2025","Pokerspiel"
"2026","Polarlicht"
"2027","Polarmeer"
"2028","Politbuero"
"2029","Polizeirevier"
"2030","Polo"
"2031","Polohemd"
"2032","Polster"
"2033","Polyamid"
"2034","Pony"
"2035","Porto"
"2036","Porzellan"
"2037","Positiv"
"2038","Possessivpronomen"
"2039","Postamt"
"2040","Postauto"
"2041","Postfach"
"2042","Postgeheimnis"
"2043","Postscheckamt"
"2044","Postulat"
"2045","Postwesen"
"2046","Potential"
"2047","Prachtstueck"
"2048","Praedikativ"
"2049","Praejudiz"
"2050","Praeparat"
"2051","Praesens"
"2052","Praesent"
"2053","Praeservativ"
"2054","Praesidium"
"2055","Praktikum"
"2056","Preisniveau"
"2057","Preisschild"
"2058","Premierenpublikum"
"2059","Presseamt"
"2060","Pressebuero"
"2061","Pressegesetz"
"2062","Presserecht"
"2063","Priesteramt"
"2064","Priesterseminar"
"2065","Prischen"
"2066","Prismenglas"
"2067","Privateigentum"
"2068","Privatflugzeug"
"2069","Privatgespraech"
"2070","Privatinteresse"
"2071","Privatleben"
"2072","Privatrecht"
"2073","Privilegium"
"2074","Probeexemplar"
"2075","Probierglas"
"2076","Produktionsmittel"
"2077","Professorenkollegium"
"2078","Profil"
"2079","Projektil"
"2080","Proletariat"
"2081","Promenadendeck"
"2082","Pronomen"
"2083","Propan"
"2084","Prosit"
"2085","Protektorat"
"2086","Protoplasma"
"2087","Provisorium"
"2088","Provitamin"
"2089","Publikum"
"2090","Publikumsinteresse"
"2091","Puelverchen"
"2092","Puenktchen"
"2093","Pult"
"2094","Pulverfass"
"2095","Pulvermagazin"
"2096","Q"
"2097","Quadrat"
"2098","Quant"
"2099","Quantum"
"2100","Quart"
"2101","Quartel"
"2102","Quartett"
"2103","Quartier"
"2104","Quecksilber"
"2105","Quellenmaterial"
"2106","Quellwasser"
"2107","Querhaus"
"2108","Querholz"
"2109","Querschiff"
"2110","Quintett"
"2111","R"
"2112","Rad"
"2113","Radargeraet"
"2114","Radikal"
"2115","Radiogeraet"
"2116","Radiometer"
"2117","Radrennen"
"2118","Raedchen"
"2119","Raederwerk"
"2120","Raenkespiel"
"2121","Raetsel"
"2122","Raetselraten"
"2123","Raffinat"
"2124","Raffinement"
"2125","Rahmengesetz"
"2126","Rampenlicht"
"2127","Randgebiet"
"2128","Rangabzeichen"
"2129","Rapsoel"
"2130","Rasiermesser"
"2131","Rasierwasser"
"2132","Rasierzeug"
"2133","Rassenmerkmal"
"2134","Rassepferd"
"2135","Rasthaus"
"2136","Raten"
"2137","Rathaus"
"2138","Rattengift"
"2139","Raubtier"
"2140","Rauchgas"
"2141","Rauchverbot"
"2142","Raumbild"
"2143","Raumfahrzeug"
"2144","Raumschiff"
"2145","Rauschgift"
"2146","Re"
"2147","Reagens"
"2148","Reagenz"
"2149","Reagenzglas"
"2150","Real"
"2151","Realeinkommen"
"2152","Realgymnasium"
"2153","Rebhuhn"
"2154","Recht"
"2155","Rechteck"
"2156","Rechtsempfinden"
"2157","Rechtsverfahren"
"2158","Reck"
"2159","Referat"
"2160","Referendum"
"2161","Reflexivpronomen"
"2162","Reformhaus"
"2163","Regal"
"2164","Regendach"
"2165","Regiment"
"2166","Regulativ"
"2167","Reh"
"2168","Reibeisen"
"2169","Reich"
"2170","Reifezeugnis"
"2171","Reimwort"
"2172","Reinemachen"
"2173","Reinigungsmittel"
"2174","Reis"
"2175","Reisebuero"
"2176","Reisegeld"
"2177","Reisegepaeck"
"2178","Reiseziel"
"2179","Reisfeld"
"2180","Reisig"
"2181","Reissbrett"
"2182","Reissen"
"2183","Reiterregiment"
"2184","Reitpferd"
"2185","Reitturnier"
"2186","Reizklima"
"2187","Reklameplakat"
"2188","Rektorat"
"2189","Relativ"
"2190","Relativpronomen"
"2191","Ren"
"2192","Rennboot"
"2193","Rennen"
"2194","Rennpferd"
"2195","Rennrad"
"2196","Rentier"
"2197","Repraesentantenhaus"
"2198","Reservat"
"2199","Residenztheater"
"2200","Restaurant"
"2201","Resultat"
"2202","Rettungsboot"
"2203","Rettungsschwimmen"
"2204","Revier"
"2205","Rezept"
"2206","Rezitativ"
"2207","Rheinland"
"2208","Rheuma"
"2209","Richteramt"
"2210","Ried"
"2211","Riemchen"
"2212","Rieselfeld"
"2213","Rind"
"2214","Rindfleisch"
"2215","Rindvieh"
"2216","Rinnsal"
"2217","Rita"
"2218","Rittergut"
"2219","Rittertum"
"2220","Rock"
"2221","Roeckchen"
"2222","Roemertum"
"2223","Roentgen"
"2224","Roentgenbild"
"2225","Roeslein"
"2226","Roessel"
"2227","Roheisen"
"2228","Rohmaterial"
"2229","Rohoel"
"2230","Rohprodukt"
"2231","Rohr"
"2232","Rohrnetz"
"2233","Rollfeld"
"2234","Rosa"
"2235","Rosenblatt"
"2236","Rosenoel"
"2237","Ross"
"2238","Rosshaar"
"2239","Rostschutzmittel"
"2240","Rot"
"2241","Rotkaeppchen"
"2242","Rotkehlchen"
"2243","Rotlicht"
"2244","Roulett"
"2245","Roulette"
"2246","Rudel"
"2247","Ruder"
"2248","Ruderboot"
"2249","Ruderhaus"
"2250","Rudiment"
"2251","Ruebchen"
"2252","Ruebenfeld"
"2253","Rueckgrat"
"2254","Ruecklicht"
"2255","Rueckporto"
"2256","Ruecktrittsgesuch"
"2257","Ruehrei"
"2258","Rufzeichen"
"2259","Ruhegeld"
"2260","Ruhrgebiet"
"2261","Rund"
"2262","Rundschreiben"
"2263","Russische"
"2264","S"
"2265","Saargebiet"
"2266","Saatgut"
"2267","Saatkorn"
"2268","Sachbuch"
"2269","Sachgebiet"
"2270","Sachregister"
"2271","Sackhuepfen"
"2272","Sackleinen"
"2273","Sacktuch"
"2274","Saeckchen"
"2275","Saegemehl"
"2276","Saegewerk"
"2277","Saelchen"
"2278","Saetzchen"
"2279","Saeugetier"
"2280","Saeuglingsheim"
"2281","Saeulchen"
"2282","Sahnekaennchen"
"2283","Saitenspiel"
"2284","Salz"
"2285","Salzwasser"
"2286","Samenkorn"
"2287","Samtkleid"
"2288","Sandpapier"
"2289","Sanitaetsauto"
"2290","Satteldach"
"2291","Sattelpferd"
"2292","Satzgefuege"
"2293","Satzglied"
"2294","Satzzeichen"
"2295","Sauer"
"2296","Sauerkraut"
"2297","Sauerstoffgeraet"
"2298","Saugrohr"
"2299","Sauwetter"
"2300","Schabefleisch"
"2301","Schach"
"2302","Schachbrett"
"2303","Schachspiel"
"2304","Schachturnier"
"2305","Schadinsekt"
"2306","Schaechtelchen"
"2307","Schaedlingsbekaempfungsmittel"
"2308","Schaefchen"
"2309","Schaeferspiel"
"2310","Schaeflein"
"2311","Schaelchen"
"2312","Schaetzchen"
"2313","Schaf"
"2314","Schaffell"
"2315","Schafleder"
"2316","Schafott"
"2317","Schalenobst"
"2318","Schalobst"
"2319","Schaltbrett"
"2320","Schaltwerk"
"2321","Schamgefuehl"
"2322","Schamhaar"
"2323","Schattenbild"
"2324","Schattendasein"
"2325","Schattenkabinett"
"2326","Schattenreich"
"2327","Schattenspiel"
"2328","Schauer"
"2329","Schaufelblatt"
"2330","Schaufelrad"
"2331","Schaufenster"
"2332","Schaukelpferd"
"2333","Schaulaufen"
"2334","Schauspiel"
"2335","Schauspielhaus"
"2336","Scheibchen"
"2337","Scheidungsurteil"
"2338","Scheingefecht"
"2339","Scheltwort"
"2340","Schema"
"2341","Scherflein"
"2342","Scherzwort"
"2343","Scheuertuch"
"2344","Scheusal"
"2345","Schicksal"
"2346","Schiebedach"
"2347","Schiebefenster"
"2348","Schiedsgericht"
"2349","Schieferdach"
"2350","Schiefergebirge"
"2351","Schienbein"
"2352","Schienenfahrzeug"
"2353","Schiessgewehr"
"2354","Schiesspulver"
"2355","Schiff"
"2356","Schiffchen"
"2357","Schild"
"2358","Schilddruesenhormon"
"2359","Schilf"
"2360","Schilfrohr"
"2361","Schimpfwort"
"2362","Schindluder"
"2363","Schlachtfeld"
"2364","Schlachthaus"
"2365","Schlachtopfer"
"2366","Schlachtschiff"
"2367","Schlachtvieh"
"2368","Schlaefchen"
"2369","Schlafmittel"
"2370","Schlafzimmer"
"2371","Schlagwerk"
"2372","Schlagwort"
"2373","Schlagzeug"
"2374","Schlangengift"
"2375","Schlappohr"
"2376","Schlaraffenland"
"2377","Schlauchboot"
"2378","Schleppschiff"
"2379","Schlepptau"
"2380","Schleusentor"
"2381","Schliessfach"
"2382","Schlittschuhlaufen"
"2383","Schlitzauge"
"2384","Schloesschen"
"2385","Schloss"
"2386","Schlueckchen"
"2387","Schluesselbein"
"2388","Schluesselchen"
"2389","Schluesselloch"
"2390","Schluesselwort"
"2391","Schlummerlied"
"2392","Schlupfloch"
"2393","Schlusskapitel"
"2394","Schlusswort"
"2395","Schmalz"
"2396","Schmelzwasser"
"2397","Schmerzensgeld"
"2398","Schmerzenskind"
"2399","Schmiedeeisen"
"2400","Schmiedefeuer"
"2401","Schmierfett"
"2402","Schmiergeld"
"2403","Schmiermittel"
"2404","Schmieroel"
"2405","Schmorfleisch"
"2406","Schmuckstueck"
"2407","Schnaepschen"
"2408","Schnapsglas"
"2409","Schneegloeckchen"
"2410","Schneiderkostuem"
"2411","Schnellboot"
"2412","Schnellgericht"
"2413","Schnellverfahren"
"2414","Schnittmuster"
"2415","Schnitzel"
"2416","Schnuerchen"
"2417","Schnupftuch"
"2418","Schock"
"2419","Schoenheitsideal"
"2420","Schraeubchen"
"2421","Schreckbild"
"2422","Schreibpapier"
"2423","Schriftbild"
"2424","Schriftdeutsch"
"2425","Schriftstueck"
"2426","Schubfach"
"2427","Schuereisen"
"2428","Schuetz"
"2429","Schuhgeschaeft"
"2430","Schulamt"
"2431","Schuldbewusstsein"
"2432","Schuldgefuehl"
"2433","Schulgeld"
"2434","Schuljahr"
"2435","Schulkind"
"2436","Schulmaedchen"
"2437","Schulschiff"
"2438","Schulsystem"
"2439","Schulterblatt"
"2440","Schultergelenk"
"2441","Schulwesen"
"2442","Schulzeugnis"
"2443","Schutzdach"
"2444","Schutzgebiet"
"2445","Schutzgitter"
"2446","Schutzglas"
"2447","Schutzmittel"
"2448","Schwaenzchen"
"2449","Schwaetzchen"
"2450","Schwalbennest"
"2451","Schwarz"
"2452","Schwarzbrot"
"2453","Schwarzwild"
"2454","Schwein"
"2455","Schweinefleisch"
"2456","Schweinsleder"
"2457","Schwemmland"
"2458","Schwergewicht"
"2459","Schwermetall"
"2460","Schwert"
"2461","Schwesterschiff"
"2462","Schwimmbad"
"2463","Schwimmbassin"
"2464","Schwimmdock"
"2465","Schwindelgefuehl"
"2466","Schwungrad"
"2467","Schwurgericht"
"2468","Sechseck"
"2469","Sechstel"
"2470","Sediment"
"2471","Seebad"
"2472","Seegras"
"2473","Seeklima"
"2474","Seelenheil"
"2475","Seelenleben"
"2476","Seemannsgarn"
"2477","Seerecht"
"2478","Seeufer"
"2479","Segel"
"2480","Segelboot"
"2481","Segelflugzeug"
"2482","Segelschiff"
"2483","Segeltuch"
"2484","Sehrohr"
"2485","Sehvermoegen"
"2486","Sehzentrum"
"2487","Seidel"
"2488","Seidenpapier"
"2489","Seifenpulver"
"2490","Seifenwasser"
"2491","Seil"
"2492","Seitenportal"
"2493","Seitenruder"
"2494","Seitenschiff"
"2495","Sekretariat"
"2496","Sektenwesen"
"2497","Sektglas"
"2498","Sektierertum"
"2499","Selbst"
"2500","Selbstbestimmungsrecht"
"2501","Selbstbewusstsein"
"2502","Selbstbildnis"
"2503","Selbstgefuehl"
"2504","Selbstlob"
"2505","Selbstmitleid"
"2506","Selbststudium"
"2507","Selbstverstaendnis"
"2508","Selbstvertrauen"
"2509","Selen"
"2510","Semifinale"
"2511","Sendezeichen"
"2512","Serienbild"
"2513","Serum"
"2514","Sexualverbrechen"
"2515","Showgeschaeft"
"2516","Sicherheitsschloss"
"2517","Sieb"
"2518","Siebenfache"
"2519","Siechtum"
"2520","Siedlungsgebiet"
"2521","Siegel"
"2522","Sigma"
"2523","Signalhorn"
"2524","Signet"
"2525","Signum"
"2526","Silbenraetsel"
"2527","Silber"
"2528","Silberpapier"
"2529","Simplex"
"2530","Simultanspiel"
"2531","Sinnbild"
"2532","Sirenengeheul"
"2533","Sittlichkeitsverbrechen"
"2534","Sitzbad"
"2535","Sitzfleisch"
"2536","Skatspiel"
"2537","Skatturnier"
"2538","Skilaufen"
"2539","Skizzenbuch"
"2540","Skript"
"2541","Sodbrennen"
"2542","Soehnlein"
"2543","Soeldnerheer"
"2544","Sofa"
"2545","Soja"
"2546","Sojaoel"
"2547","Sol"
"2548","Solbad"
"2549","Soldatenleben"
"2550","Soldbuch"
"2551","Soll"
"2552","Solo"
"2553","Sommerkleid"
"2554","Sommersemester"
"2555","Sonderangebot"
"2556","Sonderrecht"
"2557","Sonnenbad"
"2558","Sonnenjahr"
"2559","Sonnenlicht"
"2560","Sonnenoel"
"2561","Sonnensystem"
"2562","Sonntagskind"
"2563","Sorgenkind"
"2564","Sortengeschaeft"
"2565","Sortiment"
"2566","Souper"
"2567","Sowjetvolk"
"2568","Sozialgericht"
"2569","Sozialprodukt"
"2570","Spaesschen"
"2571","Spaltprodukt"
"2572","Spanferkel"
"2573","Spannungsfeld"
"2574","Sparbuch"
"2575","Sparkassenbuch"
"2576","Speditionsgeschaeft"
"2577","Speerwerfen"
"2578","Speiseeis"
"2579","Speiseoel"
"2580","Speisezimmer"
"2581","Spektrometer"
"2582","Spektrum"
"2583","Spekulationspapier"
"2584","Sperma"
"2585","Sperrgebiet"
"2586","Sperrholz"
"2587","Spezialgebiet"
"2588","Spezialistentum"
"2589","Spezialtraining"
"2590","Spiegelbild"
"2591","Spiegelei"
"2592","Spiegelglas"
"2593","Spiegelteleskop"
"2594","Spiel"
"2595","Spielfeld"
"2596","Spielkasino"
"2597","Spielzeug"
"2598","Spielzimmer"
"2599","Spiessbuergertum"
"2600","Spinnennetz"
"2601","Spinnrad"
"2602","Spital"
"2603","Splintholz"
"2604","Sportabzeichen"
"2605","Sportfeld"
"2606","Sportflugzeug"
"2607","Spottgeld"
"2608","Sprachgebiet"
"2609","Sprachgefuehl"
"2610","Sprachgut"
"2611","Sprachrohr"
"2612","Sprechzimmer"
"2613","Sprichwort"
"2614","Springseil"
"2615","Spritzenhaus"
"2616","Spruchband"
"2617","Spruechlein"
"2618","Sprungbein"
"2619","Sprungbrett"
"2620","Spuelmittel"
"2621","Spuelwasser"
"2622","Staatsbegraebnis"
"2623","Staatseigentum"
"2624","Staatsexamen"
"2625","Staatsoberhaupt"
"2626","Staatsorgan"
"2627","Staatspapier"
"2628","Staatsrecht"
"2629","Staatstheater"
"2630","Staatsverbrechen"
"2631","Staatsvolk"
"2632","Staatswesen"
"2633","Stachelschwein"
"2634","Stadtarchiv"
"2635","Stadtbild"
"2636","Stadtgebiet"
"2637","Stadthaus"
"2638","Stadtrecht"
"2639","Stadttheater"
"2640","Stadttor"
"2641","Stadtviertel"
"2642","Stadtzentrum"
"2643","Staebchen"
"2644","Staedtchen"
"2645","Staendchen"
"2646","Staerkungsmittel"
"2647","Staeubchen"
"2648","Stahlband"
"2649","Stahlrohr"
"2650","Stahlwerk"
"2651","Staket"
"2652","Stammbuch"
"2653","Stammhaus"
"2654","Stammkapital"
"2655","Stammlokal"
"2656","Stammpersonal"
"2657","Standardwerk"
"2658","Standbein"
"2659","Standbild"
"2660","Standesamt"
"2661","Standgericht"
"2662","Standlicht"
"2663","Standquartier"
"2664","Standrecht"
"2665","Starkbier"
"2666","Startkapital"
"2667","Startloch"
"2668","Startverbot"
"2669","Startzeichen"
"2670","Stativ"
"2671","Statussymbol"
"2672","Staubkorn"
"2673","Staubtuch"
"2674","Stauwasser"
"2675","Stauwerk"
"2676","Steak"
"2677","Stegreifspiel"
"2678","Stehaufmaennchen"
"2679","Stehvermoegen"
"2680","Steigeisen"
"2681","Steilufer"
"2682","Steingut"
"2683","Steinsalz"
"2684","Steissbein"
"2685","Stellenangebot"
"2686","Stemmeisen"
"2687","Sterbebett"
"2688","Sterbegeld"
"2689","Sterbenswoertchen"
"2690","Sternbild"
"2691","Sternchen"
"2692","Sternenbanner"
"2693","Steuer"
"2694","Steueramt"
"2695","Steuerrad"
"2696","Steuerruder"
"2697","Stichwort"
"2698","Stiefkind"
"2699","Stiefmuetterchen"
"2700","Stift"
"2701","Stilgefuehl"
"2702","Stilleben"
"2703","Stimmband"
"2704","Stimmchen"
"2705","Stimmengewirr"
"2706","Stimmrecht"
"2707","Stinktier"
"2708","Stipendium"
"2709","Stirnband"
"2710","Stockwerk"
"2711","Stoeckchen"
"2712","Stoesschen"
"2713","Stopplicht"
"2714","Storchennest"
"2715","Stossgebet"
"2716","Straesschen"
"2717","Straesslein"
"2718","Straeusschen"
"2719","Strafgesetzbuch"
"2720","Strafmandat"
"2721","Strafregister"
"2722","Strafverfahren"
"2723","Strandbad"
"2724","Strassenmaedchen"
"2725","Strassenschild"
"2726","Straussenei"
"2727","Strebertum"
"2728","Streichholz"
"2729","Streichinstrument"
"2730","Streichorchester"
"2731","Streiflicht"
"2732","Streikrecht"
"2733","Streitgespraech"
"2734","Streitobjekt"
"2735","Stroh"
"2736","Strohdach"
"2737","Stromnetz"
"2738","Stubenmaedchen"
"2739","Studentenheim"
"2740","Studierzimmer"
"2741","Studio"
"2742","Studium"
"2743","Stuebchen"
"2744","Stueck"
"2745","Stueckgut"
"2746","Stueckwerk"
"2747","Stuendchen"
"2748","Stuhlbein"
"2749","Substantiv"
"2750","Sudetenland"
"2751","Suelzkotelett"
"2752","Suemmchen"
"2753","Suendenregister"
"2754","Sueppchen"
"2755","Suess"
"2756","Suessholz"
"2757","Suesswasser"
"2758","Sultanat"
"2759","Sumpfland"
"2760","Suppengruen"
"2761","Suppenhuhn"
"2762","Symposion"
"2763","Symposium"
"2764","Syndikat"
"2765","Synonym"
"2766","Syntheseprodukt"
"2767","Szenario"
"2768","Szenarium"
"2769","Szepter"
"2770","T"
"2771","Tablett"
"2772","Tabu"
"2773","Taenzchen"
"2774","Taeschchen"
"2775","Taesschen"
"2776","Taeuschungsmanoever"
"2777","Tafelbild"
"2778","Tafelobst"
"2779","Tageblatt"
"2780","Tagebuch"
"2781","Tagegeld"
"2782","Tagesereignis"
"2783","Tagesgespraech"
"2784","Tageslicht"
"2785","Tagewerk"
"2786","Tagwerk"
"2787","Tailleur"
"2788","Taktgefuehl"
"2789","Tal"
"2790","Talkum"
"2791","Tamtam"
"2792","Tannenholz"
"2793","Tantal"
"2794","Tantchen"
"2795","Tanzbein"
"2796","Tanzlokal"
"2797","Tao"
"2798","Taschenbuch"
"2799","Taschenformat"
"2800","Taschengeld"
"2801","Taschenmesser"
"2802","Taschentuch"
"2803","Tatsachenmaterial"
"2804","Tau"
"2805","Taubenhaus"
"2806","Tauchboot"
"2807","Tauchen"
"2808","Tauschgeschaeft"
"2809","Tauschobjekt"
"2810","Tausend"
"2811","Tauwetter"
"2812","Tauziehen"
"2813","Taxi"
"2814","Teak"
"2815","Teakholz"
"2816","Team"
"2817","Technikum"
"2818","Teeservice"
"2819","Teilchen"
"2820","Teilgebiet"
"2821","Telefonat"
"2822","Telefonbuch"
"2823","Telefongespraech"
"2824","Tempus"
"2825","Tennis"
"2826","Termingeschaeft"
"2827","Terpentin"
"2828","Terrain"
"2829","Tertiaer"
"2830","Tessin"
"2831","Testat"
"2832","Teufelswerk"
"2833","Theaterstueck"
"2834","Thein"
"2835","Thema"
"2836","Thermalbad"
"2837","Thermoelement"
"2838","Thermometer"
"2839","Tief"
"2840","Tiefbauamt"
"2841","Tiefdruckgebiet"
"2842","Tiefland"
"2843","Tier"
"2844","Tierasyl"
"2845","Tierchen"
"2846","Tierepos"
"2847","Tierkreiszeichen"
"2848","Tierreich"
"2849","Timbre"
"2850","Tintenfass"
"2851","Tippfraeulein"
"2852","Tischgebet"
"2853","Tischgespraech"
"2854","Tischtennis"
"2855","Tischtuch"
"2856","Titan"
"2857","Titelblatt"
"2858","Todesjahr"
"2859","Todesopfer"
"2860","Todesurteil"
"2861","Toechterchen"
"2862","Toechterheim"
"2863","Toennchen"
"2864","Toepfchen"
"2865","Toertchen"
"2866","Toilettenpapier"
"2867","Tollhaus"
"2868","Tomatenmark"
"2869","Tonband"
"2870","Tonbandgeraet"
"2871","Tongeschirr"
"2872","Tonnengewoelbe"
"2873","Tor"
"2874","Torfmoor"
"2875","Torpedoboot"
"2876","Torverhaeltnis"
"2877","Totem"
"2878","Totenhemd"
"2879","Traenengas"
"2880","Tragflaechenboot"
"2881","Tragtier"
"2882","Traktat"
"2883","Trampel"
"2884","Trampeltier"
"2885","Trampolin"
"2886","Transistorgeraet"
"2887","Transistorradio"
"2888","Transparent"
"2889","Transportband"
"2890","Transportflugzeug"
"2891","Transportgewerbe"
"2892","Transportmittel"
"2893","Transportunternehmen"
"2894","Transportwesen"
"2895","Transuran"
"2896","Trauergefolge"
"2897","Trauerspiel"
"2898","Trauma"
"2899","Traumbild"
"2900","Traumwandler"
"2901","Treff"
"2902","Treffen"
"2903","Treibeis"
"2904","Treiben"
"2905","Treibgas"
"2906","Treibgut"
"2907","Treibhaus"
"2908","Treibholz"
"2909","Treppchen"
"2910","Treppengelaender"
"2911","Treppenhaus"
"2912","Triebleben"
"2913","Triebwerk"
"2914","Trinkgefaess"
"2915","Trinkgeld"
"2916","Trinkglas"
"2917","Trinkwasser"
"2918","Trittbrett"
"2919","Triumvirat"
"2920","Troepfchen"
"2921","Trommelfell"
"2922","Trommelfeuer"
"2923","Trompetensignal"
"2924","Tropeninstitut"
"2925","Trostwort"
"2926","Truemmerfeld"
"2927","Trugbild"
"2928","Trumm"
"2929","Truthuhn"
"2930","Tuch"
"2931","Tuechlein"
"2932","Tuepfelchen"
"2933","Tuerchen"
"2934","Tuermchen"
"2935","Tuerschloss"
"2936","Tuetchen"
"2937","Tun"
"2938","Turmspringen"
"2939","Turnfest"
"2940","Turngeraet"
"2941","Turnier"
"2942","Tutti"
"2943","U"
"2944","Uebel"
"2945","Ueberangebot"
"2946","Ueberbleibsel"
"2947","Uebereinkommen"
"2948","Ueberfallkommando"
"2949","Uebergangsstadium"
"2950","Uebergewicht"
"2951","Ueberkleid"
"2952","Uebermass"
"2953","Ufer"
"2954","Uhrwerk"
"2955","Ultramarin"
"2956","Umlaufmittel"
"2957","Umschlagtuch"
"2958","Umspannwerk"
"2959","Umstandskleid"
"2960","Unbehagen"
"2961","Unding"
"2962","Ungarische"
"2963","Ungeheuer"
"2964","Ungemach"
"2965","Ungenuegen"
"2966","Ungeschick"
"2967","Ungestuem"
"2968","Ungetuem"
"2969","Ungeziefer"
"2970","Ungleichgewicht"
"2971","Unglueck"
"2972","Unheil"
"2973","Universalgenie"
"2974","Universalmittel"
"2975","Universitaetsgelaende"
"2976","Universitaetsstudium"
"2977","Universum"
"2978","Unkraut"
"2979","Unlustgefuehl"
"2980","Unmass"
"2981","Unrecht"
"2982","Unterbewusstsein"
"2983","Unterfangen"
"2984","Untergeschoss"
"2985","Untergestell"
"2986","Untergewicht"
"2987","Unterhaltungsprogramm"
"2988","Unterhaus"
"2989","Unterhemd"
"2990","Unterholz"
"2991","Unterkleid"
"2992","Unterkommen"
"2993","Unterland"
"2994","Unternehmen"
"2995","Unternehmertum"
"2996","Unterpfand"
"2997","Unterrichtsfach"
"2998","Unterrichtsziel"
"2999","Unterscheidungsmerkmal"
"3000","Unterscheidungsvermoegen"
"3001","Unterseeboot"
"3002","Untersuchungsgefaengnis"
"3003","Untersuchungsverfahren"
"3004","Unterwasser"
"3005","Unterzeug"
"3006","Untier"
"3007","Unvermoegen"
"3008","Unverstaendnis"
"3009","Unwesen"
"3010","Unwetter"
"3011","Uran"
"3012","Urbild"
"3013","Urgestein"
"3014","Urheberrecht"
"3015","Urlaubsgeld"
"3016","Urlaubsgesuch"
"3017","Urnengrab"
"3018","Ursprungsland"
"3019","Urteil"
"3020","Urteilsvermoegen"
"3021","V"
"3022","Vaeterchen"
"3023","Variometer"
"3024","Vaterhaus"
"3025","Vaterland"
"3026","Vaterunser"
"3027","Veilchen"
"3028","Verantwortungsbewusstsein"
"3029","Verantwortungsgefuehl"
"3030","Verb"
"3031","Verbandmaterial"
"3032","Verbandszeug"
"3033","Verbot"
"3034","Verbotsschild"
"3035","Verbrechen"
"3036","Verbrecheralbum"
"3037","Verbum"
"3038","Verdachtsmoment"
"3039","Verdeck"
"3040","Verderben"
"3041","Verdienst"
"3042","Verfahren"
"3043","Verfassungsgericht"
"3044","Verfuegungsrecht"
"3045","Vergehen"
"3046","Vergnuegen"
"3047","Verhaeltnis"
"3048","Verhaengnis"
"3049","Verhalten"
"3050","Verhoer"
"3051","Verhuetungsmittel"
"3052","Verkehrschaos"
"3053","Verkehrshindernis"
"3054","Verkehrszeichen"
"3055","Verlagshaus"
"3056","Verlangen"
"3057","Verlies"
"3058","Vermaechtnis"
"3059","Vermoegen"
"3060","Vernehmen"
"3061","Verordnungsblatt"
"3062","Verruecktwerden"
"3063","Versaeumnis"
"3064","Versandhaus"
"3065","Verschulden"
"3066","Versehen"
"3067","Versmass"
"3068","Versorgungsnetz"
"3069","Versprechen"
"3070","Verstaendnis"
"3071","Versteck"
"3072","Versteckspiel"
"3073","Versuchskaninchen"
"3074","Vertrauen"
"3075","Vertrauensvotum"
"3076","Verwaltungsgericht"
"3077","Verzeichnis"
"3078","Vetorecht"
"3079","Viech"
"3080","Vieh"
"3081","Vieleck"
"3082","Vielfache"
"3083","Viereck"
"3084","Viertel"
"3085","Vierteljahr"
"3086","Vierteljahrhundert"
"3087","Viertelpfund"
"3088","Villenviertel"
"3089","Violinkonzert"
"3090","Visum"
"3091","Vivat"
"3092","Voegelchen"
"3093","Voeglein"
"3094","Voelkchen"
"3095","Voelkerrecht"
"3096","Vokabular"
"3097","Vokabularium"
"3098","Volk"
"3099","Volksfest"
"3100","Volkslied"
"3101","Volkstum"
"3102","Volkswagenwerk"
"3103","Vollbad"
"3104","Vollblut"
"3105","Vollgas"
"3106","Vollgefuehl"
"3107","Vollkornbrot"
"3108","Volt"
"3109","Voltampere"
"3110","Vorbild"
"3111","Vorderrad"
"3112","Vorfeld"
"3113","Vorgebirge"
"3114","Vorgefuehl"
"3115","Vorgehen"
"3116","Vorgelege"
"3117","Vorhaben"
"3118","Vorhaengeschloss"
"3119","Vorhandensein"
"3120","Vorjahr"
"3121","Vorkaufsrecht"
"3122","Vorkommnis"
"3123","Vorland"
"3124","Vorleben"
"3125","Vorlesungsverzeichnis"
"3126","Vormundschaftsgericht"
"3127","Vorprogramm"
"3128","Vorrecht"
"3129","Vorschiff"
"3130","Vorschlagsrecht"
"3131","Vorspiel"
"3132","Vorstandsmitglied"
"3133","Vorstellungsvermoegen"
"3134","Vorurteil"
"3135","Vorwerk"
"3136","Vorwort"
"3137","Vorzeichen"
"3138","Vorzimmer"
"3139","Votum"
"3140","Vulgaerlatein"
"3141","W"
"3142","Wachboot"
"3143","Wachs"
"3144","Wachsfigurenkabinett"
"3145","Wachstuch"
"3146","Wachstum"
"3147","Waegelchen"
"3148","Waeldchen"
"3149","Wagenrad"
"3150","Wagenrennen"
"3151","Wagnis"
"3152","Wahlalter"
"3153","Wahlergebnis"
"3154","Wahlfach"
"3155","Wahlgesetz"
"3156","Wahllokal"
"3157","Wahlplakat"
"3158","Wahlrecht"
"3159","Wahrzeichen"
"3160","Waisenhaus"
"3161","Waisenkind"
"3162","Walross"
"3163","Walzwerk"
"3164","Wams"
"3165","Wandbrett"
"3166","Wandgemaelde"
"3167","Wannenbad"
"3168","Wappen"
"3169","Wappentier"
"3170","Warenangebot"
"3171","Warenhaus"
"3172","Warenlager"
"3173","Warenzeichen"
"3174","Warmlaufen"
"3175","Warmwasser"
"3176","Warngeraet"
"3177","Warnlicht"
"3178","Warnsignal"
"3179","Warnzeichen"
"3180","Wartezimmer"
"3181","Warzenschwein"
"3182","Waschbrett"
"3183","Waschmittel"
"3184","Waschpulver"
"3185","Waschwasser"
"3186","Wasser"
"3187","Wasserfahrzeug"
"3188","Wasserglas"
"3189","Wasserklosett"
"3190","Wasserrecht"
"3191","Wasserreservoir"
"3192","Wasserrohr"
"3193","Wasserstoffsuperoxyd"
"3194","Wasserwerk"
"3195","Wasserzeichen"
"3196","Watt"
"3197","Wattenmeer"
"3198","Wechselgeld"
"3199","Weh"
"3200","Wehr"
"3201","Weib"
"3202","Weibchen"
"3203","Weibsbild"
"3204","Weibsstueck"
"3205","Weideland"
"3206","Weidmannsheil"
"3207","Weihnachtsgeschenk"
"3208","Weihnachtslied"
"3209","Weihwasser"
"3210","Weilchen"
"3211","Weinfass"
"3212","Weinglas"
"3213","Weingut"
"3214","Weinlokal"
"3215","Weiss"
"3216","Weissbrot"
"3217","Weizenfeld"
"3218","Weizenmehl"
"3219","Wellblech"
"3220","Wellental"
"3221","Weltall"
"3222","Weltbild"
"3223","Weltgericht"
"3224","Weltmeer"
"3225","Weltraumfahrzeug"
"3226","Weltreich"
"3227","Weltwunder"
"3228","Werbefernsehen"
"3229","Werbemittel"
"3230","Werk"
"3231","Werkstueck"
"3232","Werkzeug"
"3233","Wertpapier"
"3234","Werturteil"
"3235","Wertzeichen"
"3236","Wesen"
"3237","Westgeld"
"3238","Wettbuero"
"3239","Wetter"
"3240","Wetteramt"
"3241","Wettruesten"
"3242","Wettschwimmen"
"3243","Widerspiel"
"3244","Widerstreben"
"3245","Wiederaufnahmeverfahren"
"3246","Wiederhoeren"
"3247","Wiedersehen"
"3248","Wiegenlied"
"3249","Wiesel"
"3250","Wild"
"3251","Wildbret"
"3252","Wildpferd"
"3253","Wildschwein"
"3254","Windrad"
"3255","Winkeleisen"
"3256","Wintergetreide"
"3257","Winterkleid"
"3258","Winterquartier"
"3259","Wintersemester"
"3260","Wirbeltier"
"3261","Wirtschaftsabkommen"
"3262","Wirtschaftsgebaeude"
"3263","Wirtschaftsgeld"
"3264","Wirtschaftsjahr"
"3265","Wirtschaftsleben"
"3266","Wirtschaftssystem"
"3267","Wirtschaftswachstum"
"3268","Wirtschaftswunder"
"3269","Wirtshaus"
"3270","Wischtuch"
"3271","Wissen"
"3272","Wissensgebiet"
"3273","Witzblatt"
"3274","Wochenbett"
"3275","Wochenblatt"
"3276","Wochenende"
"3277","Wochenendhaus"
"3278","Woelkchen"
"3279","Woertchen"
"3280","Woerterbuch"
"3281","Woertlein"
"3282","Wohl"
"3283","Wohlbefinden"
"3284","Wohlbehagen"
"3285","Wohlgefallen"
"3286","Wohlgefuehl"
"3287","Wohlleben"
"3288","Wohlverhalten"
"3289","Wohlwollen"
"3290","Wohngebaeude"
"3291","Wohngeld"
"3292","Wohnhaus"
"3293","Wohnheim"
"3294","Wohnungsamt"
"3295","Wohnviertel"
"3296","Wohnzimmer"
"3297","Wolfram"
"3298","Wollgarn"
"3299","Wollgewebe"
"3300","Wollkleid"
"3301","Wolltuch"
"3302","Wort"
"3303","Wortfeld"
"3304","Wortgefecht"
"3305","Wrack"
"3306","Wuerfelspiel"
"3307","Wuerstchen"
"3308","Wunder"
"3309","Wunderkind"
"3310","Wundermittel"
"3311","Wunderwerk"
"3312","Wundfieber"
"3313","Wundmal"
"3314","Wunschbild"
"3315","Wunschdenken"
"3316","Wunschkind"
"3317","Wurfgeschoss"
"3318","Wurmmittel"
"3319","Wutgeheul"
"3320","X"
"3321","Xenon"
"3322","Y"
"3323","Z"
"3324","Zaehneklappern"
"3325","Zaepfchen"
"3326","Zahlenlotto"
"3327","Zahlungsmittel"
"3328","Zahnfleisch"
"3329","Zahnweh"
"3330","Zarenreich"
"3331","Zarentum"
"3332","Zartgefuehl"
"3333","Zauberwort"
"3334","Zaumzeug"
"3335","Zebra"
"3336","Zechgelage"
"3337","Zedernholz"
"3338","Zehntel"
"3339","Zeichen"
"3340","Zeitalter"
"3341","Zeitmass"
"3342","Zeitungspapier"
"3343","Zeitungswesen"
"3344","Zeitwort"
"3345","Zeitzeichen"
"3346","Zellgewebe"
"3347","Zelt"
"3348","Zentralkomitee"
"3349","Zentralnervensystem"
"3350","Zentralorgan"
"3351","Zentralproblem"
"3352","Zentrum"
"3353","Zeremoniell"
"3354","Zerrbild"
"3355","Zerwuerfnis"
"3356","Zeug"
"3357","Zeugnis"
"3358","Zicklein"
"3359","Ziegeldach"
"3360","Ziel"
"3361","Zielband"
"3362","Zielfernrohr"
"3363","Zifferblatt"
"3364","Zigarettenetui"
"3365","Zigarettenpapier"
"3366","Zimmer"
"3367","Zimmermaedchen"
"3368","Zink"
"3369","Zinkblech"
"3370","Zinkoxyd"
"3371","Zinn"
"3372","Zirkular"
"3373","Zitronat"
"3374","Zivil"
"3375","Zivilrecht"
"3376","Zollamt"
"3377","Zollrecht"
"3378","Zubehoer"
"3379","Zuchthaus"
"3380","Zuchttier"
"3381","Zuchtvieh"
"3382","Zuendholz"
"3383","Zuenglein"
"3384","Zugestaendnis"
"3385","Zugpferd"
"3386","Zugrundegehen"
"3387","Zugtier"
"3388","Zuhause"
"3389","Zukuenftige"
"3390","Zusammengehoerigkeitsgefuehl"
"3391","Zusammenleben"
"3392","Zusammensein"
"3393","Zusammenspiel"
"3394","Zusammentreffen"
"3395","Zusammenwirken"
"3396","Zusatzabkommen"
"3397","Zustandekommen"
"3398","Zutrauen"
"3399","Zutun"
"3400","Zuviel"
"3401","Zuwenig"
"3402","Zweimarkstueck"
"3403","Zweirad"
"3404","Zwerchfell"
"3405","Zwiegespraech"
"3406","Zwielicht"
"3407","Zwillingspaar"
"3408","Zwischendeck"
"3409","Zwischenergebnis"
"3410","Zwischenglied"
"3411","Zypressenholz"
"3412","Zytoplasma"
