Freq,phon
80,al
2,ar
2,asgW@r
87,&pbB
1,&pbr&nt
66,&pbrUx
16,&pdrUk
790,ab@nt
2,ab@nt&n=uk
3,ab@ntkUrs
3,ab@ntkUrzUs
52,ab@ntlEnd@r
20,ab@ntXr@r
15,ab@rglBb@
11,ab@rglBb@n
1,ab@rvI=
56,&pf&l
2,&pf&lWm@r
26,&pfluk
6,&pflUs
40,&pg&N
1,&pg@z&N
10,&pgl&n=
2,&pgOt
64,&pgrUnt
6,&pgUs
9,&ph&N
1,&phol@r
27,&bituriEnt
8,&pkLmlIN
210,&pkOm@
2,&plad@pl&=
5,&plad@r
1,&pl&s
217,&plBf
6,&pleg@r
1,&pm&rS
52,&pnem@r
45,&bOnEnt
4,&bOrt
12,&prBm
1,&br&ks&s
13,&prIs
9,&pruf
221,&pz&=
21,&pSX
181,&pSit
9,&pSi=b@zux
10,&pSi=brif
37,&pSlak
2,&pSlEpdinst
580,&pSlUs
226,&pSnIt
17,&pSUs
1,&pSvUN
26,&pzEnd@r
4,&pzolutIsmUs
34,&pzOlvEnt
1,&pzOrb@r
1,&pSpErhan
6,&pSprUN
1,&pSprUNhaf@n
280,&pSt&nt
7,&pStEx@r
8,&pStWg@r
8,&pStElrBm
3,&pStIx
33,&pStik
1,&pstinEnt
2,&pstinEn=l@r
12,&pStos
16,&pStrIx
46,&pstUr=
79,&pt
64,&ptWlUNslWt@r
16,&ptr&nspOrt
1,&ptrip
3,&pvart
6,&pvek
6,&pverk&m+
17,&pvUrf
203,&p=uk
1,&p=vWk
2,&ks@nbrUx
26,&xt@r
2,&xt@rStev@n
1,&xtk&m+
1,&xtUNsErfOlk
2,&xt=ylInd@r
84,ad@l
5,ad@rl&s
42,adl@r
1,&tminIstratOr
1,&donIs
12,&drEsat
3,&tvEn=zOntak
12,&tvErbialz&=
14,Elt@st@nrat
5,End@rUNsforSlak
2,Eon
135,Erg@r
45,Erm@l
12,Erm@lk&nal
3,Esteti=IsmUs
8,At@r
2,Etyl&lkohol
40,&f@
1,&ft@r
3,&gregat=uSt&nt
62,&grEsOr
19,&gitatOr
1,&gnOstik@r
1,&grari@r
7,an
7,an@
2,anhEr
3,ahOrn
31,&k&demik@r
2,&kOrt&rbWt@r
4,&kumulatOr
3,&kvizitTr
297,&kt
6,&kt@nSr&Nk
31,&k=i@nkUrs
267,&k=ionAr
9,&k=ionsradiUs
1,&ktivIsmUs
144,&ktivIst
4,&ktifz&ldo
68,&k=Ent
1,&k=EptOr
33,&l&rm
1,&lBn
9,&lp
1,&lb&trOs
4,&lbino
7,&lgeri@r
5,&lk
5,&lkoholik@r
2,&lkoholSpig@l
1,&lWnfluk
3,&lWngEN@r
29,&lWng&N
7,&lWnhErS@r
3,&lWnUnt@rh&lt@r
2,&lWnfErtrip
1,&l@rvert@st@
1,&l@skleb@r
2,&ligatOr
86,&liirt@
6,&lmExtIg@
1,&lrat&ntrip
116,&ltak
7,&lm&n&x
6,&lm&ndin
1,&lm@nrBS
6,&lmrBS
58,&lp
50,&lp
8,&lpdrUk
7,&lp@njAg@r
5,&lpinIst
16,&lptrBm
130,&lt
1,&ltan
48,&ltar
13,&ltbB
3,&ltbUnd@sprEzidEnt
3,&lt@rtumsfOrS@r
1,&ltg@zEl@
3,&ltk&n=l@r
13,&ltmWst@r
1,&ltfilolog@
1,&ltvar@nhEndl@r
4,&ltvWb@rzOm@r
3,&mbOs
6,amWz@nhBf@n
669,&merikan@r
4,&merik&nIsmUs
15,&m&n
2,amOk
3,&mtm&n
14,&m=g@rIx=rat
13,&m=rIxt@r
2,&m=SIm@l
3,&n&kronIsmUs
9,&n&lf&bet
5,&n&lytik@r
1,&n&rxIsmUs
3,&n&rxIst
41,&nbB
28,&nb@gIn
30,&nb@tr&xt
120,&nblIk
5,&nbrUx
42,&nfEN@r
1,&nfEN@rkUrs
29,&nf&l
1020,&nf&N
5,&nf&NsbuxStab@
6,&nf&NspUNkt
23,&nfluk
26,&nfyr@r
10,&nfyrUNsStrIx
5,&ngeb@r
3,&N@lhak@n
12,&N@lpUNkt
28,&N@lz&ks@
3,&N@r
6,&Nl@r
27,&ngrWf@r
442,&ngrIf
7,&ngrIfskrik
2,&NstSvWs
227,&nhEN@r
10,&nh&lt
9,&nh&lt@r
32,&nh&l=pUNkt
31,&nh&N
23,&nhip
4,&nimIsmUs
1,&nis
120,&nkBf
20,&Nk@
20,&Nk@n
19,&Nk@r
3,&Nk@rpl&=
21,&nklAg@r
15,&nkl&N
2,&nknY+UNspUNkt
12,&nkLmlIN
5,&nlag@b@rat@r
471,&nl&s
7,&nl&s@r
37,&nlBf
3,&nleg@pl&=
58,&nleg@r
1,&nlErnlIN
7,&nlig@r
3,&nlig@rStat
5,&nm&rS
2,&nm&rSvek
3,&nnA@rUNsfErzux
2,&nonymUs
10,&nor&k
16,&n+If
5,&npr&l
4,&nrWn@r
56,&nrW=
90,&nruf
7,&nzag@r
192,&nz&=
35,&nz&=pUNkt
7,&nSBUNsUnt@rrIxt
89,&nSWn
117,&nSlak
213,&nSlUs
1,&nSnB=@r
1,&nzidl@r
2,&nzI=
20,&nSpOrn
698,&nSprUx
1,&nSt&l=lWt@r
22,&nSt&nt
2,&nStElUNsfErtrak
1,&nStIx
73,&nStik
3,&nStIft@r
66,&nStos
3,&nStrWx@r
13,&nStrIx
21,&nStUrm
2,&nt&gonIsmUs
2,&nt&gonIst
574,&ntWl
5,&ntWlSWn
4,&ntropolog@
1,&ntropozof
2,&ntikrIst
38,&ntif&SIst
12,&ntikLrp@r
3,&ntikvitAt@nh&nd@l
4,&ntizemit
10,&ntizemitIsmUs
499,&ntrak
25,&ntrakStEl@r
1,&ntrWb@r
65,&ntrip
54,&ntrIt
13,&ntrI=bezux
24,&nvErt@r
155,&nv&lt
3,&nvEnd@r
9,&nvon@r
1,&nvuks
7,&nvUrf
16,&n=Wg@ntWl
6,&n=Wg@r
16,&n=iUNspUNkt
1,&n=Ynd@r
110,&n=uk
74,&+@l
24,&+@lbBm
1,&+@lmOst
2,&+@lvWn
8,&forIsmUs
27,&potek@r
185,&p&rat
201,&pEl
27,&plBs
1431,&prIl
4,&prIlSEr=
2,&prIltak
1,&kv&rian@r
3,ara
92,ar&b@r
1746,&rbWt@r
3,&rbWt@rprist@r
232,&rbWtgeb@r
288,&rbWtnem@r
19,&rbW=&plBf
7,&rbW=b@zux
4,&rbW=dirEktOr
33,&rbW=g&N
70,&rbW=krWs
30,&rbW=lon
35,&rbW=m&rkt
223,&rbW=pl&=
21,&rbW=Stil
39,&rbW=tak
4,&rbW=forg&N
21,&rbW==Im@r
46,&rxEolog@
2,&rxivar
2,&rg@
25,&rgEntini@r
9,&rkvon
3,&rian@r
3,&ri&nIsmUs
2,ari@r
731,&rm
124,&rm@
2,&rmeni@r
1,&rm@n+leg@r
6,&rmrWf
3,&rivirt@
7,&rS
11,artg@nOs@
530,&rtik@l
3,&rtIl@rIst
22,&rtIst
1085,ar=t
33,&S
1,&SbEx@r
3,&S@r
3,&S@rmItvOx
13,&sket
2,&spik
3,&spir&nt
67,&sIstEnt
29,&sIstEn=ar=t
36,&st
2,&stmatik@r
2,&strolog@
35,&stronom
3,&s=EndEnt
2,&t&vIsmUs
150,at@m
31,at@m=uk
7,&teIsmUs
4,&teIst
11,&tl&ntIkv&l
27,&tl&s
1,&tomIst
33,&tomkErn
51,&tomkrik
5,&tommWl@r
14,&tomre&ktOr
15,&t@ntAt@r
24,&tributz&=
3,B@rOks@
671,BfbB
1,BfbBvIl@
1,Bfb@varUNsOrt
18,BfbrUx
4,BfdrUk
218,BfEnth&lt
6,BfEnth&l=Ort
15,BfEnth&l=rBm
12,Bfgab@nb@rWx
11,Bfg&N
2,BfgUs
4,BfhEN@r
4,BfkXf@r
12,BfkBf
24,BfklAr@r
1,BflBf
26,Bfm&rS
2,Bfnam@lWt@r
1,Bfnem@r
5,Bfp&s@r
26,Bfpr&l
10,BfprWs
2,Bfryr@r
117,Bfruf
17,Bfrur
111,Bfz&=
45,BfSlak
1,BfSlak=Ynd@r
47,BfSlUs
18,BfSrW
32,BfSup
117,BfSvUN
7,Bfze@r
3,BfzE=@r
1,BfzIx=b@&mt@
242,BfzIx=rat
1,BfSprUN
87,BfSt&nt
142,BfStik
1,BfStrom
95,Bft&kt
602,Bftrak
52,Bftrakgeb@r
2,BftraksrYkg&N
83,Bftrip
71,BftrIt
151,Bfv&nt
7,BfvInt
38,Bf=uk
9,Bk&+@l
4,Bg@nar=t
6,Bg@nBfSlak
1021,Bg@nblIk
1,Bg@nOptik@r
19,Bg@nSWn
7,Bg@nvINk@l
41,Bg@n=Xg@
8,Bg@n=Xg@nb@rIxt
7,BgUr
1174,BgUst
9,Bk=ionatOr
288,BsbB
19,BsbXt@r
23,BsbIld@r
32,BsblIk
5,BsbrEx@r
88,BsbrUx
1,BsbUnt
838,BsdrUk
49,Bsf&l
9,Bsflykl@r
2,BsfluksOrt
1,BsfluksfErker
4,BsflUs
79,Bsg&N
98,Bsg&NspUNkt
165,BsglWx
5,BsglWxsf~
2,BsglWxsSpOrt
14,BsgrAb@r
1,BsgUk
3,BsgUs
3,Bsh&N
2,Bshup
147,BslEnd@r
32,BslXf@r
3,Bsl&n=kOrEspOndEnt
4,BslBf
8,Bsleg@r
2,BslTz@r
25,Bsnam@f&l
17,Bsnam@=uSt&nt
9,BspUf
5,BsrWs@r
4,BsrIxt@r
2,BsrYst@r
17,Bsruf
1,Bsruf@r
3,BsrUtS@r
2,Bszag@vert
2,Bsz&=
3,BsS&Nk
12,BsSWdUNsk&m+
31,BsSlak
78,BsSlUs
63,BsSnIt
446,BsSUs
8,Bs@nb@=Irk
29,Bs@ndinst
138,Bs@nh&nd@l
932,Bs@nminIst@r
52,Bs@nzWt@r
12,Bs@nStYrm@r
1,BszIx=pUNkt
4,BszIx=tUrm
1,BsSp&n
51,BsSprUx
39,BsSt&nt
53,BsStEl@r
5,BsStElUNsSt&nt
2,BsStElUNstak
7,BsStik
24,BsStos
135,BstBS
3,BstBSmotOr
1,BstBSSyl@r
1,BstBSStudEnt
6,Bstrak
38,Bstr&li@r
43,BstrIt
20,BsfErkBf
4,BsvalSpil@r
8,Bsv&nd@r@r
133,Bsvek
49,BsvWs
5,BsvUrf
2,Bs=itIS
74,Bs=uk
35,BtobUs
1,BtOxton@
4,Btogr&mjAg@r
6,Btom&tIsmUs
4,BtomobilbB
1,BtomobilIst
2,BtomobilklUp
361,Btor
3,BtoSlOs@r
1,Btoskut@r
7,BtofErker
4,&vqg&rdIst
7,&=ur
70,b&x
2,b&k
2,bEk
6,b&kfIS
5,b&kof@n
5,b&kStWn
14,bad@&n=uk
16,bad@m&nt@l
15,bad@mWst@r
24,bad@Ort
4,bad@r
10,bAd@k@r
47,bAr
1,bAr@ndinst
23,b&g@r
3,banbrEx@r
227,banhof
27,banStWk
1,banvErt@r
1,b&lk
2,b&lk
31,b&lk@n
90,b&lkON
365,b&l
21,b&l&st
2,b&ljUN@
24,b&lON
90,b&nt
54,bEnt
161,b&nt
1,b&ndaZIst
3,b&ntvUrm
2,b&Nk@r
1,b&NkrOtTr
40,b&n
18,b&n@r
2,b&nflux
5,b&nkrWs
61,b&ptIst
14,b&rbar
17,b&rbir
2,b&rd@
2,barm&n
51,b&ron
6,b&r@n
1,barS
71,bart
5,bartvuks
10,b&z&lt
11,b&zar
3,b&sIst
1,b&st
7,b&stl@r
2,b&=@n
324,bB
451,bB
100,bB&rbWt@r
90,bBx
4,bBxnab@l
2,bBxSmEr=
1,bBEntvUrf
307,bB@r
2,bB@rnbUrS@
46,bB@rnhof
7,bB@rnkrik
1,bB@rnSt&nt
11,bBfyr@r
32,bBhEr
6,bBk&st@n
7,bBklO=
27,bBkOst@n=uSUs
381,bBm
27,bBmWst@r
1,bBmf&rn
16,bBmSt&m
8,bBmvI+@l
17,bBplan
50,bBpl&=
10,bBrat
5,bBS
19,bBSparfErtrak
32,bBStWn
7,bBStil
24,bBStOf
25,bBUnt@rnem@r
3,b&=IlUs
447,b@&mt@
17,bit
55,b@Bftrakt@
29,bEx@r
9,b@d&xt
239,b@d&rf
5,b@d&rfs&rtik@l
2,b@dXtUNsv&nd@l
1,b@din@r
3,b@fAIgUNsnaxvWs
2,b@f&l
200,b@fel
6,b@felsEm+EN@r
25,b@felshab@r
1,b@fLrd@rUNst&rif
5,b@fr&xt@r
14,b@frW@r
25,b@frWUNsk&m+
32,b@fyrvOrt@r
51,b@fUnt
2,b@gWst@rUNsStUrm
711,b@gIn
61,b@glWt@r
782,b@grIf
32,b@grYnd@r
39,b@hElt@r
1,b@hElf
4,b@hErS@r
11,bWxtStul
25,bWfar@r
392,bWf&l
5,bWf&lsStUrm
4,bWg@Sm&k
1,bWkl&N
5,bWnam@
11,bWnbrUx
46,bWrat
1,bWSlaf
3,bWSlak
40,bWSt&nt
616,bWtrak
48,bWtrIt
7,bWvag@n
9,b@k&nt@nkrWs
2,b@ker@r
6,b@lak
4,b@lag@rUNs=uSt&nt
65,b@l&N
15,b@lek
4,b@lIxtUNsmEs@r
25,bEN@l
3,b@nY=@r
12,b@nU=@r
3,bEn=ink&nIst@r
9,bEn=inprWs
4,bEn=int&Nk
115,b@rat@r
1003,b@rWx
2,b@rWt@r
404,bErk
118,bErk&rbWt@r
184,bErkbB
7,bErkfyr@r
1,bErkkrIst&l
110,bErkm&n
1,bErkze
1145,b@rIxt
103,b@rIxtErSt&t@r
519,b@ruf
1,b@rufsb@rat@r
13,b@SB@r
133,b@SWt
15,b@Slak
885,b@SlUs
9,b@SUs
1,b@SvTr@r
10,bez@n
1,bez@nStil
364,b@zI=
143,b@zI=@r
6,bEs@rvIs@r
164,b@St&nt
142,b@St&nttWl
1,b@StImUNshaf@n
1003,b@zux
383,b@zux@r
78,b@tOn
97,b@tr&xt
301,b@trak
2032,b@trip
54,b@truk
8,bEtl@r
16,bXt@l
1,b@var@r
21,b@vekgrUnt
4,b@vegUNs&plBf
369,b@vWs
207,b@vErb@r
151,b@von@r
3,b@vuks
13,b@vUnd@r@r
186,b@=uk
4,bib@r
11,bibliotekar
1,bid@rzIn
30,bin
1,bin@nStOk
4,bit@r
22,bikini
4,bIld@rram@n
71,bIlthB@r
44,bIltSIrm
6,bIldUNsplan
2,bIldUNspolitik@r
1,bIldUNspro=Es
9,bIldUNsvek
17,bInd@r
20,bIntfad@n
7,bIn@nh&nd@l
4,bIn@nze
18,biograf
37,biolog@
2,bIrnbBm
2,bizOn
16,bIs
3,bIs@n
10,bItStEl@r
3,blAz@r
1,blEt@rtWk
3,bl&NkoSEk
10,blBbart
2,blBfUks
92,blW
32,blWStIft
1049,blIk
4,blIkf&N
48,blIkpUNkt
5,blIntd&rm
11,blIntgEN@r
68,blI=
1,blI=krik
11,blI=Slak
49,blOk
17,blTtzIn
5,blyt@nSt&nt
5,blyt@nStBp
27,blum@nkol
13,blum@nStrBs
34,blutdrUk
1,bluteg@l
7,blutErgUs
2,blutf&rpStOf
6,bluthUnt
5,blutkrWslBf
5,blutSpEnd@r
1,blutStUr=
5,blutfErlUst
51,bOp
1,bOS
19,bOk
909,bod@n
8,bod@nfrOst
1,bod@nneb@l
1,bLl@r
1,bLrz@nkr&x
18,bLrz@nkUrs
2,bLrz@nmakl@r
7,bLrzian@r
5,bTz@vIxt
4,bLtx@r
90,bog@n
1,bog@nSY=@
11,bon@nk&fe
4,bon@r
11,bor@r
1,bOl=@n
38,bOmb@n&ngrIf
44,bOmb@r
3,bOn=@
1,bo=bB
110,bOrt
1,bOrk
23,bOs
2,botanik@r
12,bot@
5,bUrZo&
49,bOks@r
6,bOksk&m+
5,bOksrIN
42,bX
30,brXtIg&m
166,br&nt
4,br&nthert
7,br&ntvWn
3,brat&+@l
15,brat@n
1,brat@ndUft
2,bratherIN
1,bratSpis
62,brBx
8,brBn@
12,brBn@
4,brBs
5,brEx@r
16,brW
13,brWt@ngrat
1,brWtlIN
3,brEmsklO=
53,brEn@r
66,brEnStOf
7,brEt@r=Bn
2,brifbog@n
18,brifk&st@n
1,brifLfn@r
20,briftrAg@r
26,brifUmSlak
38,brifvEks@l
39,brig&die
17,brIlj&nt
66,brUx
42,brUxtWl
528,brud@r
7,bryt@r
28,brUn
29,brUn@n
30,bup
21,bub@
2,bubikO+
2,buxbInd@r
1,buxfINk
37,buxh&lt@r
17,buxh&nd@l
4,bYks
121,buxStab@
1,buxUmSlak
2,buxvW=@n
1,bYks@nLfn@r
3,bYklIN
22,byg@l
5,bYrg@
699,bYrg@r
40,bYrg@rStWk
4,bys@r
13,bYst@nh&lt@r
2,bYtn@r
16,buk
1,bul@r
26,bUl@
55,bUm@l
77,bUm@l
3,bUml@r
302,bUnt
296,bUnt
331,bUnd@sprEzidEnt
54,bUNg&lo
1,bUntSpExt
217,bUrS@
64,bUs
80,bUS
28,buz@n
1,buz@nfrXnt
11,bUs&rt
4,b&tl@r
1,k&mpUs
2,JElIst
6,JElo
21,SOfTr
333,SEf
1,kolerik@r
119,kor
11,koral
3,krIstbBm
3,krIst@nmEnS
55,kronIst
46,kot
34,d&xbod@n
3,d&ks
6,dEm+@r
5,dXmlIN
91,d&m
33,d&m+
39,d&m+@r
402,d&Nk
18,d&rm
1,dB@rBftrak
70,dBm@n
14,debitOr
30,defEkt
8,deg@n
15,dWx
1,deIst
11,dekor&tTr
2,delINkvEnt
81,demOnstr&nt
2,dENk&nStos
42,dENk@r
3,dENkfel@r
4,dENk=Et@l
3,denUn=i&nt
7,dezErtTr
1,dEstIl&tTr
15,detErminIsmUs
1,dXt@r
51,dXJUnt@rrIxt
2,dXtUNsfErzux
2,de=imalbrUx
8,di&betik@r
438,dIxt@r
7,dIkkO+
6,dIkSAd@l
1,did&ktik@r
95,dip
77,dipStal
60,din@r
617,dinst
1186,dinstak
61,dinstakab@nt
5,dinstvek
5,diz@l
14,diz@lmotOr
22,dIktatOr
2,dilEt&ntIsmUs
1,dIl
137,dIplomat
414,dirEktOr
77,dirigEnt
26,dIskUsionsredn@r
4,dIsponEnt
26,dIsput
3,dOxt
2,dOgmatik@r
6,dOlxStos
1,dOlmEJ
23,dOlmEJ@r
143,dom
2,donatOr
31,dOn@r
1,dOn@rSlak
1150,dOn@rstak
1,dOp@lgEN@r
3,dOp@lmOrt
1,dOp@lpUNkt
16,dOrn
2,dOrS
1,dOt@r
60,do=Ent
25,dr&x@
18,dr&x@n
68,drat
6,dr&l
105,dr&N
9,drBfgEN@r
47,drEk
15,dre
18,dre@r
2,dreStul
2,drIl
2,drobrif
302,drUk
1,druz@
2,du&lismUs
14,dYN@r
1,dYNk@l
1,dYnd&rm
59,dUft
13,dUmkO+
4,dUN
34,dUnst
7,dUrxblIk
43,dUrxbrUx
5,dUrxf&l
72,dUrxg&N
7,dUrxl&s
6,dUrxlBf
81,dUrxmEs@r
6,dUrxSlak
161,dUrxSnIt
5,dUrxSnI=mEnS
2,dUrxSnI=vert
2,dUrxSUs
2,dUrxStos
6,dUrx=uk
57,dUrst
1,duz@l
9,eb@r
21,Ekb&l
8,Ek+Wl@r
16,ed@lStWn
5,efX
27,egoIsmUs
39,e@g&t@
30,er@ng&st
67,ergW=
5,WxbBm
1,Wx@ntIS
31,Wt
1,WtbrUx
2,W@rlikTr
77,Wf@r
4,Wg@nb@d&rf
71,Wg@ntym@r
9,Wg@nvIl@
2,Wgn@r
3,Wlbot@
1,WlWt@r
35,Wm@r
14,Wn&kt@r
28,WnbB
3,WnbBm
68,WnblIk
37,WnbrEx@r
95,WnbrUx
13,WndrINlIN
594,WndrUk
16,Wn@r
86,Wnf&l
1,Wnfluk
684,WnflUs
8,WnflUsb@rWx
112,Wng&N
19,Wnh&lt
2,WnjArIg@
1,WnjArIg@
70,WnkBf
66,Wnkl&N
13,Wnl&s
7,WnlBf
28,Wnm&rS
468,Wnz&=
1,Wnz&=lWt@r
15,WnSlak
18,WnSlUs
4,WnSup
1,WnSYxt@rUNsfErzux
4,WnSUs
8,WnzEnd@r
2,Wnz@r
4,Wnzidl@r
2,WnzI=@r
2,WnSpEn@r
87,WnSprUx
5,WnSt&nt
1,WnStIx
10,WnStUr=
16,WntBS
1,WntO+
8,Wntrak
162,WntrIt
146,Wnv&nt
18,Wnv&nd@r@r
362,Wnvon@r
26,WnvUrf
59,Wn=@lf&l
1,Wn=El@r
59,Wn=uk
5,Wn=uksb@rWx
3,WsbrEx@r
6,WsSnEllBf
4,Ws=&+@n
13,ek@l
3,EklEkti=IsmUs
7,Elx
56,elef&nt
39,elEktrik@r
5,elEktrohert
5,elEktrom&gnet
7,elEktromOntTr
3,elEktrotExnik@r
39,Elf
16,Elbog@n
32,El@nbog@n
27,emigr&nt
5,emIr
38,Em+EN@r
261,Em+&N
1,EmpirIsmUs
3,EmpTr@r
15,EntEfEkt
18,EntpUNkt
28,EntSpUrt
4,Ent=uSt&nt
189,EN@l
31,ENp&s
68,ENk@l
1,Ent@rhak@n
7,Entfyr@r
16,EntSWt
300,EntSlUs
1,EntvIkl@r
419,EntvUrf
13,Ent=uk
28,epik@r
1,epilEptik@r
6,epilok
29,ErbB@r
159,Erb@
1,Erpf&ktOr
2,ErpSWn
1,ert&+@l
36,ertb&l
30,ertbod@n
13,ertrUJ
45,erttWl
52,ErfInd@r
1705,ErfOlk
6,ErfOrS@r
1,ErfYlUNsOrt
7,Erh&lt
17,ErholUNsBfEnth&lt
14,ErholUNsurlBp
59,Erl&s
79,ErlTs
8,ErlTz@r
4,ErnAr@r
2,ErnX@r
4,ErnX@r@r
555,Ernst
28,Ernstf&l
1,Ernt@Wnz&=
19,Erob@r@r
20,erOs
9,ErprEs@r
5,ErprEsUNsfErzux
29,Erreg@r
103,Erz&=
10,Erz&=dinst
8,ErSL+UNs=uSt&nt
336,Ertrak
1,ErvWs
85,ErvErp
4,ErvErb@r
27,Er=Al@r
82,Er=bISOf
10,Er=EN@l
29,Er=Xg@r
5,Er=fWnt
14,Er=hEr=ok
47,Er=i@r
72,ez@l
6,Eskimo
10,Espri
2,EseIst
4,Es@r
2,EslLf@l
1,EsrBm
4,EstIS
5,Est@r
69,eta
15,Xl@nSpig@l
2,ev&NgelIst
1,Eks&minatOr
1,Eksekutor
6,EksEr=irpl&=
1,EkshibitionIsmUs
7,EksIstEn=ialIsmUs
1,EksIstEn=i&lIst
1,EksOr=Ist
1,Ekspedi=ionslWt@r
12,EksponEnt
21,EkspOrt&ntWl
9,EkspOrt&rtik@l
23,EkspOrtTr
6,EksprEs
1,EksprEsbot@
9,EksprEsionIsmUs
6,EksprEsionIst
3,EkstremIsmUs
16,EkstremIst
2,Eks=Entrik@r
52,f&brik&nt
6,f&brik&rbWt@r
55,f&x&rbWt@r
40,f&xar=t
274,f&xm&n
48,fad@n
2,fad@nSlak
29,fEx@r
5,fAnrIx
2,fArt@nzux@r
8,fElS@r
1,fan@nm&st
345,far@r
61,farg&st
24,farplan
22,farprWs
24,farStul
1,fakir
224,f&ktOr
1,f&lb@
36,f&lk@
725,f&l
1531,f&l
27,f&lSIrm
1,f&lSSpil@r
17,f&lt@r
1,f&mili@n&nSlUs
24,fan
20,f&natik@r
23,f&n&tIsmUs
18,f&N
4,f&rpfErnze@r
23,f&rpStOf
24,f&rm@r
4,f&rn
4,f&zan
14,f&SIN
66,f&SIst
42,faz@r
2,f&talIsmUs
2,fBlEn=@r
2,fBlpEl=
1,fBn
2,fBsth&ntSu
2,fBstk&m+
4,fBstSlak
9,fExt@r
7,fed@rb&l
7,fed@rStrIx
1,fel
341,fel@r
4,felSlUs
5,feltrIt
89,fW@rab@nt
65,fW@rtak
3,fWg@nbBm
16,fWklIN
299,fWnt
1,fElthyt@r
22,fEltveb@l
8,fEltvek
56,fElt=uk
72,fEls
11,feri@nOrt
10,fErnfar@r
2,fErnkUrs
2,fErnl&st@r
42,fErnSrWb@r
20,fErnze&p&rat
15,fErnze@r
5,fErnSprEx@r
9,fErnUnt@rrIxt
2,fEstkLrp@r
6,fEstmet@r
7,fEstpl&=
5,fEstredn@r
55,fEsttak
4,fEstUNsgrab@n
14,fEst=uk
1,fEt&nz&=
29,fEtg@h&lt
2,fetUs
27,fE=@n
11,fXdalIsmUs
1,fX@r&l&rm
9,fX@rhak@n
3,fX@rlLS@r
3,fX@rmEld@r
1,fX@rSad@n
8,fX@rvErkskLrp@r
2,fLj@tonIst
4,fidl@r
9,filiallWt@r
806,fIlm
14,fIlmprodu=Ent
20,fIlmStar
30,fIlt@r
3,fIl=
4,fIl=hut
1,fIl=StIft
4,finalIst
2,finqsie
5,fin&n=ie
6,fin&n=plan
7,fInd@r
2,fInd@rlon
3,fIntlIN
359,fIN@r
1,fIN@r&pdrUk
2,fIN@rbrWt
1,fIN@rhut
32,fIN@rnag@l
7,fIN@rrIN
9,fINk
17,fIn@
1,fInst@rlIN
3,fIrl@f&n=
2,fIrm@nInhab@r
5,fIrn
36,fIrst
203,fIS
1,fISadl@r
150,fIS@r
5,fIksStErn
7,fjOrt
1,fl&xkO+
1,fl&xlEnd@r
3,fl&ks
3,flad@n
13,fl&mINgo
3,fl&S@nh&ls
4,flExt@r
34,flEk
3,fleg@l
12,flWS@r
66,flWs
6,flid@r
1,flig@nfEN@r
1,flig@npIl=
31,flig@r
1,flig@r&ngrIf
8,fliz@nleg@r
6,flIm@r
4,flInt
3,flIt@r
1,flTt@nblAz@r
2,flTt@nton
4,flTtIst
2,flor
38,flux
8,flUxtfErzux
4,flUxtvek
1,flYxtIxkW=fel@r
190,flYxtlIN
169,flyg@l
1,flyg@lSlak
1,flYst@r@r
2,flYst@rton
209,fluk
17,flukg&st
186,flukhaf@n
8,flukplan
160,flukpl&=
3,flukz&nt
12,flukfErker
9,fluk=Xkfyr@r
27,fluk=XktrAg@r
3,fluOr
34,flur
42,flur
249,flUs
5,flUslBf
2,fOkm&st
22,fTd@ralIsmUs
20,fLrd@r@r
1,fLrd@rUnt@rrIxt
101,fLrst@r
2,foli&nt
2,forInt
9,fOrmalIsmUs
4,fOrm@r
3,fOrmfel@r
256,fOrS@r
6,fOrSUNsBftrak
6,fOrSUNsb@rWx
16,fOrSUNsb@rIxt
43,fOrst
3,fOrstmWst@r
1,fOrstvIrt
35,fOrtb@St&nt
12,fOrtf&l
37,fOrtg&N
742,fOrtSrIt
63,fotograf
2,fr&xtbrif
53,fr&xt@r
4,frAz@r
30,frag@bog@n
6,frag@r
6,frag@z&=
14,frag@StEl@r
5,fras
9,frB@nar=t
4,frWdENk@r
23,frW@r
3,frWh&nd@l
3,frWmBr@r
24,frWSprUx
908,frWtak
16,frWtot
14,frEmtkLrp@r
3,frEs@r
1,frXd@nruf
1237,frXnt
8,fref@l
646,frid@
1116,frid@n
2,frid@nsbrUx
245,frithof
12,friz@
2,frizTr
6,frozIn
22,frOm@
1,fronlWxnam
3,frOntal&ngrIf
4,frOnt&ntrip
2,frOntkEm+@r
24,frOS
17,frOSm&n
77,frOst
5,frOstSad@n
2,frOstSU=
4,fryBfSte@r
122,frylIN
46,fUks
1,fUksSv&n=
6,fyl@r
409,fyr@r
122,fyr@rSWn
22,fYnf@r
12,fYnfk&m+
11,fyrSprEx@r
124,fYrst
2,fYrstbISOf
112,fUnt
2,fUntOrt
108,fUNk
17,fUNk@
11,fUNk@n
7,fUNk@r
226,fUNk=ionAr
1,fUNk=ionsb@rWx
16,fUNktUrm
591,fus
237,fusb&l
37,fusb&l@r
30,fusb&lSpil@r
51,fusbod@n
47,fusgEN@r
4,fusm&rS
12,fustrIt
4,fUt@rtrok
4,gab@ntIS
4,gEnz@m&rS
1,gEnz@rIx
40,gArtn@r
11,gAk
1,g&laab@nt
2,g&lan
25,g&lg@n
14,g&lOp
1,g&lvanizTr
16,g&ml@r
463,g&N
3,g&nov@
2,g&nt@r
10,g&r&nt
3,g&r&ntiSWn
8,garBs
1,g&rd@Ofi=ir
4,g&rd@rob@nStEnd@r
1,g&rdIst
319,gart@n
1,gart@nvek
10,gart@n=Bn
8,gashert
892,g&st
82,g&st&rbWt@r
106,g&stgeb@r
24,g&sthof
7,g&stronom
34,g&t@
15,gB
30,gBl
13,gBm@n
3,gBn@r
1,g@Ext@t@
3,geb@r
2,g@bit@r
236,g@brBx
13,g@bur=Ort
436,g@bur=tak
4,gEk
969,g@d&Nk@
41,g@d&Nk@ng&N
5,g@dW
16,g@fArt@
48,g@f&l@n
4,g@fOlksm&n
32,g@frWt@
11,geg@n&ngrIf
35,geg@nk&ndidat
2,geg@np&rt
9,geg@npol
514,geg@nz&=
15,geg@nSlak
24,geg@nSpil@r
397,geg@nSt&nt
3,geg@nStos
10,geg@nforSlak
558,gegn@r
63,g@h&lt
164,g@h&lt
79,g@hWmdinst
15,g@hWmrat
5,ge@r
25,g@hIlf@
1,g@hIrnSlak
10,geStWk
20,gW@r
15,gWg@r
684,gWst
4,gWst@s=uSt&nt
87,gWstlIx@
6,gW=
3,gW=h&ls
9,g@krX=Ixt@
1,g@lEnd@lBf
13,gEltbriftrAg@r
10,gEltSr&Nk
21,gEltUNsb@rWx
3,g@mal
2,g@mWnd@b@&mt@
88,g@mWnd@rat
7,g@mWnzIn
6,Z&nd&rm
62,gen@raldirEktOr
17,gen@r&lIntEnd&nt
29,gen@rallXtn&nt
20,gen@ralStap
44,gen@ralStrWk
27,gen@rator
1,g@nikSUs
2,g@nis@r
1532,g@nOs@
3,g@nOs@nS&ftl@r
9,_Ent
112,g@nUs
8,geograf
11,g@pEktrAg@r
7,g@p&rt
6,gErb@r
35,g@rIx=hof
2,g@rIx=St&nt
101,g@rux
7,g@z&mtWndrUk
66,g@z&N
5,g@z&NfErWn
6,g@SIx=SrWb@r
131,g@Sm&k
13,g@SvIst@r
7,g@zEl
12,g@zEl@
1,g@zEl@nbrif
111,g@zE=EntvUrf
12,g@zIx=BsdrUk
5,g@zIx=krWs
234,g@zIx=pUNkt
3,g@zInUNsg@nOs@
77,g@SprAxsp&rtn@r
7,g@SprAxsStOf
5,g@St&lt@r
17,g@St&Nk
7,g@varzam
11,g@vErb@b@trip
2,g@vErk@
22,g@vErkS&ftl@r
104,g@vErkS&f=bUnt
5,g@vIxtheb@r
496,g@vIn
11,g@vIn&ntWl
88,g@vIn@r
10,g@vIs@nskOnflIkt
3,g@vonhW=fErbrEx@r
1,gWzIr
7,gib@l
2,gis@r
20,gIft
18,gIft
17,gig&nt
18,_In
35,gI+@l
32,gIps
1,gIps&pdrUk
2,git&rIst
17,glXbIg@r
116,gl&n=
3,glasblAz@r
3,glasSplIt@r
261,glBb@
150,glBb@n
2,glWtfluk
16,glEtS@r
3,glob@trOt@r
1,glLkn@r
2,glori@nSWn
6,glYksf&l
152,glYkvUnS
2,gnWs
12,gnom
1,gnOstik@r
13,gLn@r
8,gL=@
4,gL=@ndinst
9,gOltfIS
2,gOltgrAb@r
10,gOltSmit
2,gOltStErn
1,gOltvert
37,gOlf
41,gOlf
4,gOlf@r
9,gOlfpl&=
10,gorIla
9,got@
1036,gOt
69,gOt@sdinst
73,guvErnTr
69,grab@n
38,grapStWn
766,grat
59,grAb@r
519,graf
3,gralsrIt@r
5,grAm
3,gr&m&tik@r
15,gr&nat
4,gr&natSplIt@r
2,gr&natvErf@r
27,gr&nit
10,grafik@r
4,gr&fit
10,grat
20,gr&tul&nt
6,grBkO+
1,grBs
1,gr&vTr
6,grWf
3,grWf@r
2,grWffog@l
28,grWs
2,grEn=banhof
8,grEn=b@rWx
18,grEn=f&l
5,grEn=flUs
7,grEn=gEN@r
14,grEn=pOst@n
15,grEn=yb@rg&N
5,grEn=yb@rtrIt
5,grEn=fErker
5,grEn=vert
8,grEn==vIS@nf&l
17,grX@l
1,grisgram
1,gris
1,grisbrW
124,grIf
3,grIf@l
1,grobian
5,grTs@nvan
13,grOl
49,grOS@n
95,grosb@trip
3,grosWnkBf
1,grosENk@l
3,grosfYrst
8,grosgrUntb@zI=
38,grosgrUntb@zi=@r
7,groshEr=ok
12,grOsIst
1,groskBfm&n
11,grosmWst@r
41,grostWl
132,grosfat@r
1,grub@n&rbWt@r
1,grub@nbB
2,grybl@r
48,grYnd@r
1,gryngYrt@l
1,grynSnab@l
2624,grUnt
19,grUntb@grIf
56,grUntb@zI=
10,grUntWg@ntym@r
2,grUntErvErp
1,grUntfel@r
36,grUntrIs
304,grUntz&=
20,grUntStWn
5,grUntStOk
12,grUntStOf
15,grUntton
3,grUntv&s@rSpig@l
2,grUntvert
6,grUp@nfyr@r
212,grus
6,gu&no
42,gYrt@l
11,gyt@rbanhof
23,gyt@rvag@n
12,gyt@r=uk
29,gUld@n
3,gUmib&l
2,gUmibBm
1,gUmirWf@n
11,gUmiStif@l
12,gUrt
14,gUs
1,gUsto
28,gut&xt@r
6,gu=hEr
13,gu=hof
15,gYmn&zi&st
3,harBsf&l
6,harSnIt
5,habIxt
1,h&bit
1,h&kbrat@n
5,had@r
89,hEftlIN
2,hA@r
16,hEnd@drUk
73,hEndl@r
8,hEN@r
5,hEretik@r
26,hXptlIN
2,hXz@rblOk
273,haf@n
31,haf@n&rbWt@r
113,haf@r
1,haf@rbrW
39,h&ft
38,h&ft
55,h&ftb@fel
51,hak
11,hag@l
2,hag@lSlak
43,hag@n
41,han
1,han@nk&m
10,hW
6,hWfIS
7,hWn
59,hak@n
10,h&lpbrud@r
1,h&lpmont
1,h&lpS&t@n
4,h&lpSlaf
6,h&lpSu
5,h&lft@r
13,h&l
237,h&l
17,h&lm
261,h&ls
2,h&ls&pSnWd@r
86,h&lt
1,h&lt@pl&=
1,h&lt@pUNkt
4,h&lt@r
11,h&lUNk@
18,h&m@l
74,h&m@r
2,h&mp@lm&n
3,h&mst@r
19,h&ntb&l
9,h&ntb&l@r
701,h&nd@l
49,h&nd@lsfErtrak
16,h&ntgrIf
2,h&ntkOf@r
7,h&ntkUs
25,h&ntl&N@r
55,h&ntSu
144,h&ntvErk@r
2,h&ntvErk@rSt&nt
19,h&ntvErksb@trip
5,h&nf
89,h&N
825,h&ns
44,h&nz@
2,h&p@n
8,harEm
6,h&rlekin
1,h&rm
3,h&rn
1,h&rnIS
1,h&rnlWt@r
1,h&rpunir
2,h&rS
72,haz@
1,haz@lbUS
123,h&s
622,hB
43,hBx
68,hBf@n
81,hBptbanhof
7,hBptb@ruf
13,hBptdarStEl@r
4,hBptg@vIn
96,hBptm&n
34,hBptz&=
15,hBpttWl
12,hBsar=t
17,hBsbB
24,hBsb@zI=@r
16,hBsflur
3,hBsfrXnt
11,hBsfrid@nsbrUx
242,hBsh&lt
36,hBsh&l=plan
16,hBshEr
2,hBsm&n
22,hBsmW@r
66,hBsmWst@r
2,hBspU=
17,hBsrat
6,hBsfErv&lt@r
2,hBsv&rt
8,hBsvIrt
1,h&v&rIst
87,heb@l
2,heb@l&rm
8,heb@r
14,hExt
2,hEkmotOr
2,her@s=uk
11,herfyr@r
1,hef@kux@n
2,hEft@r
3,hel@r
55,hWd@
11,hWl&nt
10,hWlIg@nSWn
2,hWlpr&ktik@r
4,hWlUNspro=Es
2,hWmatStat
7,hWmg&N
40,hWmker@r
5,hWmlWt@r
34,hWmvek
14,hWra=&ntrak
1,hWra=m&rkt
5,hWra=SvIndl@r
2,hWshUN@r
37,hW=@r
11,hW=kLrp@r
2,hW=UNsmOntTr
260,hElt
5,hEld@nmut
1,hEld@ntot
134,hElf@r
7,hElf@rshElf@r
5,hEl@r
20,hElze@r
22,hElm
4,hEm=Erm@l
3,hEmSu
38,hENst
14,hENk@l
28,hENk@r
1,hENk@rsknExt
29,hErBsfOrd@r@r
52,hErBsgeb@r
313,hErpst
1,hErpstStUrm
104,hert
8,herg&N
43,herIN
1,herkUnf=Ort
6,heroIsmUs
22,herOlt
4152,hEr
3,hEr@nab@nt
16,hErgOt
7,hErS&f=b@rWx
93,hErS@r
138,herStEl@r
1,hErUmtrWb@r
1,hervek
7,hEr=&nf&l
3,hEr=@nsbrEx@r
19,hEr=Inf&rkt
2,hEr=mUsk@l
168,hEr=ok
28,hEr=Slak
4,hE=@r
2,hXbod@n
7,hXxl@r
2,hX@r
1,hXlkr&m+
17,hEksamet@r
1,hEks@nmWst@r
1,hibIskUs
21,hip
21,hIlf@ruf
23,hIlfs&rbWt@r
484,hIm@l
37,hIm@lskLrp@r
200,hInblIk
1,hInd@rnIslBf
4,hInt@rBsg&N
5,hInt@rWng&N
20,hInt@rg@d&Nk@
285,hInt@rgrUnt
20,hInt@rh&lt
9,hInt@rhof
31,hInt@rkO+
19,hInt@rm&n
10,hInt@rn
2,hInvek
468,hInvWs
48,hIrS
1,hIrSfEN@r
2,hIrz@brW
19,hIrt
17,hIrt@
13,hIrt@nbrif
1,hIrt@nStap
166,hIstorik@r
13,hIstorIsmUs
1,hI=kO+
2,hI=Slak
10,hob@l
5,hoxad@l
15,hox&ltar
6,hoxb@trip
5,hoxdrUk
1,hoxg@nUs
3,hoxgl&n=
3,hoxmWst@r
19,hoxmut
29,hoxof@n
17,hoxruf
4,hoxSyl@r
2,hoxzI=
7,hoxzOm@r
46,hoxSprUN
4,hoxStapl@r
1,hoxton
9,hoxfErrat
6,hoxv&lt
36,hoxvYrd@n
4,hTxstf&l
15,hTxstprWs
8,hTxstvert
6,hTflIxkW=b@zux
1,hTflIN
234,hT@pUNkt
1,hLl@nhUnt
1,hLl@nlErm
2,hTr&p&rat
1,hTrb@rWx
283,hTr@r
2,hTr@rkrWs
2,hTrfel@r
4,hTrfUNk
27,hTrzal
474,hof
7,hOfnUNsSIm@r
1,hofh&lt
1,hofmWst@r
3,hofn&r
2,hofrat
1,ho@prist@r
9,holrBm
4,holSpig@l
12,holvek
15,hon
1,hOl=klO=
1,hOl=SnWd@r
12,hOl=SnIt
4,hOl=SnI=@r
2,hOl=Stap@l
9,hOl=vek
3,hOl=vUrm
14,homo
1,homTopat
48,honIx
1,honorarprofEsOr
5,hO+@n
6,hOp
130,hori=Ont
2,hOrnIst
3,hOrOr
326,hOrst
36,hOrt
3,hoz@nbUnt
20,hoz@ntrAg@r
3,hOspit&nt
2,hotElb@zI=@r
39,hotElie
25,hotEl=Im@r
87,hUpSrBb@r
2,hYftknOx@n
102,hyg@l
13,hyn@
2,hyt@jUN@
13,hyt@r
30,huf
9,hufSlak
1,hufSmit
38,humanIsmUs
10,hum&nIst
2,hUmbUk
19,hUm@r
72,humor
7,humorIst
4,hUmp@n
7,humUs
364,hUnt
9,hUnd@rt@r
3,hUnd@rtst@
102,hUN@r
1,hUN@rlWd@r
6,hUN@rlon
14,hUN@rStrWk
5,hur@nbOk
10,huzar
5,huzar@nrIt
29,hUst@n
5,hust@n&nf&l
84,hut
115,hut
3,hy&=Int
3,hYdr&nt
1,hym@n
10,hYpnotizTr
4,idealf&l
37,idealIsmUs
9,idealIst
14,ide@nrWxtum
21,idiot
37,ig@l
2,Ignor&nt
4,IlUstratOr
11,ImbIs
3,imitatOr
5,Imk@r
1,Imobili@nhEntl@r
1,Imper&tifz&=
308,ImperialIsmUs
128,Imperi&lIst
5,Im+StOf
31,ImpOrtTr
10,ImprEsionIsmUs
7,ImprEsionIst
125,ImpUls
15,Inb@grIf
56,IndEks
9,IndikatOr
4,Individu&lismUs
9,Individu&list
1,Indi=i@nb@vWs
2,Indolog@
2,IndUstri&lIsmUs
14,IndUstri&rbWt@r
54,IndUstrib@trip
10,IndUstrikBfm&n
117,IndUstri=vWk
1,Inf&nt
4,Inf&nt@rIst
1,Inf&rkt
2,InfEkt
2,Infinitifz&=
9,InfOrm&nt
4,InfOrm&=ionsBstBS
2,InfOrmatOr
313,InZeniTr
1,IngrIm
1,INgv@r
136,Inhab@r
401,Inh&lt
32,ini=iatOr
3,InlEnd@r
10,Inl&n=m&rkt
2,In@n&rxitEkt
1,In@ndinst
15,In@nhof
178,In@nminIst@r
34,In@nrBm
82,Inz&s@
4,Inz@lbErk
3,Inz@lb@von@r
5,InzerEnt
14,InspEktTr
19,InspEktOr
6,InspiratOr
1,Inspi=iEnt
6,Inst&l&tTr
43,InstINkt
15,InstrUktTr
3,InstrumEnt&lIst
3,Inzulan@r
1,IntElEktu&lIsmUs
77,IntEnd&nt
155,Int@rEsEnt
74,Int@rn&=ionalIsmUs
9,Int@rnIst
1,Int@rpEl&nt
26,Int@rpret
6,Int@rvEnt
3,Int@rvju@r
31,Int@r=on@nh&nd@l
2,Intrig&nt
13,Inv&lid@
1,In=Est
1,ironik@r
9,Irr&=ionalIsmUs
2,Irgart@n
2,IrglBb@n
1,IrlXf@r
17,IrzIn
218,Irtum
10,Irvek
1,IrvIS
6,izol&=ionIsmUs
5,izolatOr
90,jAg@r
1,jAg@rmWst@r
1,jA=Orn
3,jaktBfze@r
18,jaktbOmb@r
3,jaktflig@r
2,jakthUnt
54,jaguar
34,jar@sb@gIn
3,jar@sbWtrak
523,jar@stak
82,jarg&N
6,jarm&rkt
27,j&m@r
9,Z&rg~
1,j&zag@r
1,jBx=@r
75,_Es
29,_ip
5,jem&nt
12,_Et
41,_Op
2,jodl@r
1,jok@r
9,ZUrn&lIsmUs
352,ZUrn&lIst
54,jub@l
22,jubilar
2,jUkrW=
125,jud@
63,jYN@r
41,jYNlIN
32,jug@ntfrXnt
389,jUN@
28,jUNg@zEl@
28,juniOr
1,juniOrSEf
39,jUNk@r
90,jurIst
4,jurOr
1,jUsti=Irtum
88,jUsti=minIst@r
1,jUsti=mOrt
4,jUsti=p&l&st
23,juvelir
8,jUks
8,k&b&rEtIst
26,kab@ljB
11,k&x@lof@n
10,k&dav@r
92,kad@r
15,k&dEt
30,kAf@r
18,kAfIx
2,kElt@WnbrUx
2,kElt@grat
3,kEm@r@r
106,kEm+@r
39,kAz@
1,kAz@kux@n
1,kEstn@r
152,kXf@r
316,k&fe
1,kalkO+
4,kalSlak
23,kan
294,kWz@r
116,k&kB
14,k&ktUs
1,k&lpsbrat@n
58,k&lEnd@r
2,k&lif
25,k&lk
1,k&lkof@n
3,k&lkStWn
13,k&lkyl
9,k&lkulatOr
7,k&ligraf
2,k&lori@ng@h&lt
125,k&m@rat
9,k&m@ram&n
52,k&min
48,k&m
1,k&m@rhEr
13,k&m@rOrkEst@r
2,k&m@rzEN@r
2038,k&m+
1,k&m+flig@r
21,k&m+gWst
1,k&m+han
6,k&m+pl&=
101,k&nal
2,k&nari@nfog@l
434,k&ndidat
1,k&ndIs
13,k&nIst@r
3,k&nibal@
1,k&nib&lIsmUs
9,kanOn
1,k&non@nSUs
10,k&nonir
24,k&nton
322,k&n=l@r
9,k&pElmWst@r
2,kap@r
115,k&pitAn
6,k&pitAnlXtn&nt
1,k&pitalfel@r
150,k&pitalIsmUs
41,k&pitalIst
60,k&pitalm&rkt
3,k&pital=Ins
20,k&plan
1,k&p@nab@nt
121,k&rdinal
17,karfrWtak
1,k&rfUNk@l
3,k&rik&turIst
32,k&rn@v&l
1,k&rn@v&lIst
22,k&r+@n
5,k&r+@ntWx
5,k&r@n
2,k&rierIst
3,karz&mstak
6,karst
6,k&rt@nfErkBf
11,k&rtOf@lz&lat
37,k&rtON
9,k&Smir
5,k&zErn@nhof
15,k&s@nar=t
3,k&s@n=Et@l
2,k&sir
8,k&sir@r
5,k&stani@nbBm
52,k&st@n
6,k&st@nvag@n
2,k&strat
11,kazUs
2,k&t&f&lk
84,k&t&lok
18,k&t&lyzatOr
4,k&t&r
1,k&tExet
3,k&tExIsmUs
58,kat@r
126,k&tolik
31,k&toli=IsmUs
7,k&=@nj&m@r
2,k&=@nSprUN
204,kBf
161,kBfm&n
90,kBfprWs
10,kBffErtrak
2,kBgUmi
6,kBtab&k
67,kBJUk
10,kB=
26,k&v&lir
2,k&v&l@rIst
6,kaviar
4,kefIr
23,keg@l
4,keg@lklUp
5,kegl@r
5,kelkO+
1,kellBt
4,kerIxt
20,kWl
1,kWl@r
7,kWlrim@n
46,kWm
7,keks
12,kElx
222,kEl@r
63,kEln@r
62,kEn@r
1,keramik@r
3,kErpSnIt
25,kErk@r
2,kErk@rmWst@r
144,kErl
190,kErn
3,kErnre&ktOr
35,kEs@l
1,kEs@lSmit
7,kE=@r
11,kXxhust@n
2,kXl@nSlak
1,kXShW=gYrt@l
45,kan
3,kIbu=
2,kibI=
19,kif@r
334,kil
1,kilrBm
30,kis
6,kiz@l
5,kiz@lStWn
1,kisvek
801,kilomet@r
1,kInd@rar=t
167,kInd@rgart@n
3,kInd@rSrEk
23,kInd@rvag@n
1,kIn=kO+
3,kinob@zux@r
22,kiosk
12,kIp@r
2,kIrx@nElt@st@
1,kIrx@nb&n
7,kIrx@nbB
5,kIrx@nkor
6,kIrx@nrat
3,kIrxgEN@r
1,kIrxhof
14,kIrxtUrm
12,kIrS
5,kIrSbBm
5,kIrSkErn
1,kIs@nb@=uk
18,kIJ
4,kIt
31,kIt@l
6,kI=@l
14,klAg@r
1,klan
69,kl&N
6,kl&p@rStOrx
3,kl&pStul
5,kl&ps
3,kl&rinEtIst
9,klartEkst
1,kl&s@nh&s
61,kl&s@nk&m+
11,kl&s@nler@r
36,kl&sik@r
4,kl&si=IsmUs
7,kl&J
4,kl&virab@nt
2,kleb@r
5,kleb@StrWf@n
8,klepStOf
4,klEks
13,kle
7,klWd@rbyg@l
2,klWd@rhak@n
30,klWd@rSr&Nk
12,klWnb@trip
5,klWnbYrg@r
4,klWnh&nd@l
9,klWnStat
1,klWst@r
7,klEmpn@r
2,klEp@r
2,klerikalIsmUs
13,klerUs
2,klEt@r@r
8,kliEnt
5,klimavEks@l
7,klinik@r
2,klINk@r
1,klIps
4,klos
7,klost@rbrud@r
23,klO=
94,klUp
6,klUmp
4,klUmp@n
2,klUmpfus
93,knab@
1,kn&k
1,kn&ks
28,kn&l
1,kn&lEfEkt
2,kn&st
1,kn&st@r
4,kneb@l
80,knExt
3,knWp@nvIrt
8,knIk
6,knif&l
9,knIf
1,knob@l
5,knoplBx
76,knOx@n
9,knOx@nbrUx
24,knLx@l
3,knTd@l
64,knO+
3,knOrp@l
27,knot@
30,knot@n
13,knot@npUNkt
5,knYl@r
52,knYp@l
16,kobOlt
65,kOx
1,kOx@r
7,kOxlLf@l
10,kOxtO+
1,kot
2,kLx@r
7,kTd@r
9,kTl@r
6,kTlS
645,kTnIx
6,kTnIxszon
10,kLn@r
434,kLrp@r
3,kLrp@rbB
4,kLrp@rg@rux
3,kTt@r
123,kOf@r
23,kOf@rrBm
47,kOnj&k
202,kol
2,kold&m+
3,kol@nStBp
7,kol@nStOf
11,kol@nv&s@rStOf
4,kolkO+
13,kolrabi
2,kojot@
1,kok&StrBx
21,koks
2,koksof@n
13,kOlb@n
23,kOlxOs
3,kolibri
5,kOl&bor&tTr
943,kOleg@
2,kOlEktiffErtrak
2,kOl@r
6,kOlizionskUrs
45,kolonialIsmUs
2,kolonizator
12,kolOs
20,komet
80,kOmfor
17,komik@r
44,kOm&nd&nt
54,kOm&ndTr
9,kOm&nditIst
279,kOmEntar
29,kOmEntatOr
2,kOmErs
1,kOmEr=
3,kOmunalb@&mt@
199,kOmunIsmUs
515,kOmunIst
8,komTdi&nt
7,kOmp&niSEf
3,kOmp&nifyr@r
22,kOmp&s
4,kOmpetEn=b@rWx
141,kOmplEks
4,kOmpli=@
142,kOmponIst
1,kOmpOst
3,kOmpOsthBf@n
14,kOmprEsOr
17,kOmpromIsforSlak
8,kOndEnzatOr
1,kOndi=ional
2,kOnditOr
4,kOndolEn=b@zux
9,kOnferEn=zal
15,kOnferEn=tWlnem@r
273,kOnflIkt
1,kOnfOrmIsmUs
1,kOnfOrmIst
1,kOnfu=i&nIsmUs
391,kOngrEs
4,kOngrEstWlnem@r
6,kOnjUNktif
62,kOnkUrEnt
80,kOnkUrs
4,kOnzErv&tIsmUs
5,kOnzErvatOr
1,kOnzon&nt
60,kOnzum
3,kOnzum&rtik@l
39,kOnzumEnt
1,kOnzumfErWn
404,kOnt&kt
14,kOntEkst
211,kOntinEnt
3,kOntoBs=uk
1,kOntrab&s
12,kOntrahEnt
114,kOntr&kt
6,kOntrapUNkt
30,kOntr&st
11,kOntrOlTr
13,kOnvEnt
7,kOnvErt@r
3,kOnvErtit
2,kOnvEksSpig@l
7,kOnvX
5,kOn=ErtmWst@r
4,koOrdinatOr
1377,kO+
13,kO+b&l
1,kO+SprUN
4,koran
129,kOrp
4,kOrd~
5,kOrk
4,kOrk@n
1,kOrkEn=i@r
1,kOrnbr&ntvWn
3,kOrpUs
2,kOrEktOr
1165,kOrEspOndEnt
97,kOridor
1,koz@nam@
87,kOsmOs
4,kOst@n&nSlak
5,kot
11,kotflyg@l
1,kO=@n
71,kr&x
3,kr&x@n
40,krAm@r
3,kr&ft&kt
3,kr&ftBfv&nt
132,kr&ftfar@r
29,kr&ftStOf
34,kr&ftvag@n
29,krag@n
5,kram
1,kr&mlad@n
17,kr&m+
45,kran
3,kranfyr@r
10,kranIx
39,kr&Nk@n&nSt&lt
2,kr&Nk@nb@zux
11,kr&Nk@n+leg@r
10,kr&Nk@nSWn
29,kr&Nk@nvag@n
14,kr&NkhW=Erreg@r
97,kr&n=
2,kr&=
7,kr&=@r
1,kr&=fus
18,kr&v&l
1,kr&v&lm&x@r
38,kreps
1,krepsg&N
34,kredIt
196,kredit
4,kreditgeb@r
10,kreditnem@r
2,kreditOr
1,krWd@StrIx
1643,krWs
30,krWz@l
66,krWslBf
19,krWstak
121,krem@l
16,krX=@r
2,krX=far@r
12,krX=g&N
1,krX=SmEr=
3,krX=UNspUNkt
2,krX=vek
18,krX==uk
1892,krik
90,krig@r
12,kriksBsbrUx
9,kriksb@gIn
2,kriksb@rIxtErSt&t@r
4,kriksblInd@
12,kriksdinst
25,kriksdinstfErvWg@r@r
1,kriksfrWvIlIg@
91,kriksg@f&N@n@
3,kriksk&m@rat
40,kriksO+@r
2,kriks+at
7,kriksrat
10,kriksSad@n
72,kriksfErbrEx@r
8,kriksfErzert@
12,kriks=uSt&nt
24,kriminalb@&mt@
12,kriminalfIlm
2,kriminalpro=Es
7,krIN@l
3,kriz@nhert
13,krIst&l
3,krIst&liz&=ionspUNkt
93,kritik@r
4,krokUs
27,kronprIn=
9,kron=Xg@
12,krYp@l
27,kruk
43,krUp
2,kubIsmUs
63,kux@n
7,kyb@l
2,kyx@n&pf&l
5,kYx@nSEf
7,kYx@nhert
3,kYx@nSr&Nk
8,kYx@nStul
12,kYx@ntIS
16,kyl@r
5,kylrBm
38,kylSr&Nk
3,kYm@l
1,kYndIgUNstErmin
508,kYnstl@r
5,kyrbIs
2,kYrSn@r
1,kYst@nfar@r
5,kYst@r
2,kug@lreg@n
17,kug@lSrWb@r
1,kuflad@n
5,kuh&nd@l
1,kumIst
14,kuSt&l
12,kuli
2,kUlmin&=ionspUNkt
11,kUlt
8,kUlturBstBS
7,kUltUs
63,kUm@r
14,kUmpan
125,kUmp@l
30,kUnd@
252,kUnd@
33,kUnd@ndinst
20,kUnd@nkrWs
10,kUntS&ft@r
12,kUnstdYN@r
8,kUnstgeg@nSt&nt
7,kUnstgrIf
23,kUnsthIstorik@r
3,kUnstkritik@r
11,kUnstmal@r
1,kU+@rStEx@r
2,kU+@rStIx
6,kup~
1,kUpl@r
24,kurfYrst
42,kurg&st
49,kurOrt
1,kur+US@r
526,kUrs
9,kUrs&nStik
4,kurS&t@n
130,kUrzUs
13,kUrsvert
19,kUr=fIlm
15,kUr=SlUs
70,kUs
1,kUstod@
4,kybErnetik@r
10,l&bor&nt
4,l&borfErzux
2,l&ks
32,l&k
93,lad@n
7,lad@nhyt@r
9,lad@r
5,lad@rBm
54,lEnd@rk&m+
3,lEN@ngrat
119,lErm
101,lXf@r
5,lag@rIst
84,lag@rrBm
5,lag@rfErv&lt@r
3,lWp
3,lWx
87,lW@
21,l&kW
5,lama
40,l&mp@
57,l&mp@
1,l&mp@nSWn
3,l&mp@nSIrm
6,l&mpi~
1,l&ntad@l
82,l&nt&rbWt@r
1,l&ntbB
2,l&ntb@zI=
1,l&nd@sfYrst
10,l&nd@shEr
7,l&nd@sfErrAt@r
15,l&nd@sfErrat
1,l&ntfar@r
4,l&ntfrid@nsbrUx
3,l&ntmEs@r
1,l&nt+&r@r
25,l&ntrat
1,l&ntS&f=gArtn@r
2,l&ntS&f=mal@r
1,l&ntze
11,l&n=@r
15,l&ntzI=
8,l&n=knExt
72,l&n=m&n
12,l&ntStrWx@r
2,l&ntStUrm
149,l&nttak
3,l&nturlBp
107,l&ntvIrt
1,l&NfIN@r
15,l&NlBf
1,l&n=@nStIx
14,l&p@n
14,l&st@r
3,l&stkan
36,l&stkr&ftvag@n
29,l&st=uk
6,l&t@n=Bn
2,l&=
1,lBpbBm
8,lBb@
1,lBpfrOS
3,lBpv&lt
3,lBx
2,lB@r
3,lB@r
472,lBf
2,lBfg&N
6,lBfp&s
9,lBfSrIt
4,lBS@r
56,lBt
77,lBtSprEx@r
2,lavaStrom
2,l&vEnd@l
2,leb@m&n
17,leb@nsab@nt
7,leb@nsbBm
18,leb@nsb@rWx
5,leb@nsg@fArt@
4,leb@nsInh&lt
3,leb@nsk&m+
5,leb@nskrWs
1,leb@nskYnstl@r
213,leb@nslBf
4,leb@nsmut
24,leb@nsrBm
7,leb@nsrEt@r
103,leb@nsSt&nd&rt
7,leb@nsStil
21,leb@nsUnt@rh&lt
10,leb@nsv&nd@l
5,leb@nsvIl@
4,leb@rflEk
1,leb@rknTd@l
1,leb@rtran
4,lepkux@n
3,leptak
1,led@rb&l
8,led@rrim@n
3,led@rzEs@l
12,lerlBf
3,legat
3,leg@r
18,legionAr
25,lem
1,lenzEs@l
5,lenStul
6,lerBftrak
5,lerb@ruf
694,ler@r
130,lerlIN
17,lermWst@r
25,lerplan
7,lerz&=
8,lerStOf
1,lerfErtrak
202,lWp
4,lWpar=t
2,lWph&ftIg@
2,lWprim@n
3,lWpSmEr=
8,lWpvExt@r
1,lWx@nSmBs
3,lWx@ntrAg@r
3,lWx@n=uk
21,lWxnam
55,lWxt&tlet
15,lWxtzIn
1,lWd@nsg@fArt@
4,lWd@nsvek
6,lW@rk&st@n
13,lWm
44,lWn
1,lWn@nb&nt
1,lWnzam@n
1,lWz@tret@r
7,lWst
2,lWstUNsdrUk
12,lWstUNsSpOrt
5,lWstUNsSt&nt
2,lWstUNsUmf&N
70,lWt&rtik@l
3,lWt&rtikl@r
349,lWt@r
386,lWt@r
3,lWt@rvag@n
20,lWtfad@n
3,lWtg@d&Nk@
3,lWth&m@l
1,lWtSprUx
4,lWtStErn
5,lWtUNsdrat
3,lWtUNsm&st
25,lEktOr
5,lEnd@nSUr=
1,lEnd@nvIrb@l
23,lENk@r
55,lEn=
38,leop&rt
4,lErnWf@r
7,lErnpro=Es
356,lez@r
53,lez@rbrif
12,lez@rkrWs
6,lez@zal
4,lez@=Irk@l
2,lX
10,lXxt@r
14,lXxttUrm
1,lXgn@r
3,lXmUnt
15,liberalIsmUs
2,librEtIst
8,lIxtbIld@rfortrak
3,lIxtbog@n
1,lIxtEfEkt
3,lIxtWnf&l
4,lIxt@rgl&n=
5,lIxtkeg@l
2,litS&t@n
7,lib@sbrif
7,lib@sdinst
3,lib@sgOt
16,lib@skUm@r
54,liphab@r
3,liphab@rprWs
35,liplIN
12,liprW=
6,lid@rab@nt
43,lif@r&nt
1,lif@rSWn
5,lif@rtErmin
13,lif@rvag@n
9,lig@Stul
2,ligevag@n
36,lIft
10,likTr
1,liliputan@r
19,limEs
3,lINguIst
9,lini@ndinst
8,lini@nrIxt@r
59,lINk@
27,lINksBs@n
3,lINkshEnd@r
3,linolSnIt
15,lIp@nStIft
2,likvidatOr
18,lIt@rat
1,litograf
1,li=En=iat
4,lObiIst
3,lopg@z&N
56,lOx
132,lOx
6,lOkfog@l
1,lod@n
7,lod@nm&nt@l
37,lLf@l
1,lLfl@r
4,lLs
2,lLsbod@n
1,lTtkOlb@n
251,lTv@
8,lTv@n&ntWl
1,log&rItmUs
1,loZirb@zux
297,lon
1,lon&p=uk
7,lonBsf&l
4,lonEm+EN@r
2,lokalp&triotIsmUs
22,lOkfyr@r
14,lokomotiffyr@r
11,lOmb&rt
20,lOrber
4,lOrberkr&n=
72,lOrt
7,lori
22,lo=@
9,lotUs
6,lyg@ndetEktOr
21,lygn@r
3,lYm@l
1,lYst@r
14,lUftb&lON
3,lUftfIlt@r
36,lUftkurOrt
1,lUftm&N@l
15,lUftrBm
6,lUftSY=
8,lUftSU=kEl@r
2,lUftSprUN
10,lUftvek
14,lUftvid@rSt&nt
7,luk
11,lUmp
7,lUmp@n
1,lUmp@nhEndl@r
1,lUmp@nkErl
15,l&nS
3,lUnt
3,lUrx
10,lUstgart@n
1,lUstmOrt
32,lUksUs
3,lUksUs&rtik@l
1,lUksUsgeg@nSt&nt
1,lYmfknot@n
55,lyrik@r
1,mat
5,m&x@r
1,m&x@rlon
21,m&xtb@rWx
62,m&xthab@r
3,m&xthUN@r
32,m&xtk&m+
1,m&drigalkor
8,mAtx@nnam@
1,mAbInd@r
50,mAdrES@r
1,mEn@rkor
59,mErtyr@r
1711,mEr=
1,mXz@bUs&rt
77,mag@n
1,mag@nbIt@r
9,mag@nkreps
3,magi@r
10,m&gIst@r
115,m&gIstrat
7,m&gnat
23,m&gnet
9,m&gnetIsmUs
5,m&h&ra_a
1,manbrif
2065,mW
4,mWbBm
55,mWs
1,mWskOlb@n
90,m&jor
12,mak@l
34,makl@r
1,m&krokOsmOs
195,mal@r
2,malk&st@n
3,m&l=
6,m&l=k&fe
2,m&mOn
2,m&mUtbBm
1,m&nd@lbBm
249,m&N@l
89,m&N@l
9,m&N@lvar@
3,m&nirIsmUs
1,m&nirIst
1,manitu
4441,m&n
6,m&nSEt@nknO+
157,m&nt@l
12,mar&tOn
8,mar&tOnlBf
7,m&rin@Ofi=ir
2,m&rin@zOldat
23,m&rk@n&rtik@l
6,m&rkgraf
619,m&rkt
32,m&rkt&ntWl
2,m&rkttak
34,m&rmOr
7,m&rkis
56,m&rs
22,m&rS
33,m&rS
77,m&rS&l
5,m&S@ndrat
127,m&Sin@nbB
8,m&SinIst
2,maz@r
10,m&sk@nb&l
8,mas&n=uk
20,m&s@nmOrt
7,m&sTr
15,m&st
16,m&st
35,m&terialIsmUs
3,m&terialIst
30,m&tem&tik@r
31,m&troz@
1,m&troz@n&n=uk
3,m&J
5,mBlez@l
7,mBlkOrp
4,mBlvUrf
2,mBlvUrfshBf@n
72,mBr@r
6,mBr@rmWst@r
1,mBz@r
2,m&ksimalvert
34,mexanik@r
42,mex&nIsmUs
1,medikUs
3,medi=inalrat
1,medi=inb&l
60,medi=in@r
9,medi=inm&n
1,merbuz@n
12,mer@sbod@n
12,mer@sgrUnt
10,mer@sSpig@l
3,mer@sStr&nt
1,mergOt
7,merrEtIx
2,merSBm
1,melklWst@r
1,melz&k
1,melvUrm
3,merb@d&rf
2,merErtrak
2,mervert
19,mW@r
10,mWl@nStWn
14,mWl@r
13,mWnWt
48,mWnUNsBstBS
15,mWnUNsStrWt
3,mWs@l
547,mWst@r
2,mWst@rbrif
19,mWst@rtit@l
2,mel&Nkolik@r
4,melIs@ngWst
1,mElkWm@r
20,mElk@r
5,mEN@nr&b&t
2,menIskUs
6413,mEnS
8,mEnS@n&f@
2,mEnS@nfWnt
3,mEnS@nfrEs@r
1,mEnS@nfrXnt
3,mEnS@ngWst
5,mEnS@nh&nd@l
1,mEnS@nkEn@r
8,mEnS@nrBp
2,mEnSevIk
9,mEntOr
2,meridian
2,mEsb@rWx
5,mEs@b@zux@r
50,mEs@r
3,mEs@rStIx
8,mEsvert
2,mEsti=@
64,met&l&rbWt@r
1,met&lgUs
2,met&lUrk
3,met&lUrg@
31,meteor
14,meteorit
37,meteorolog@
1,metodIst
6,metropolit
24,mE=g@r
1,mE=l@r
2,mXx@lmOrt
2,mXt@r@r
1,mE=ozopran
1,mif
67,mit@r
3,mit@rSU=
6,mitprWs
8,mitfErtrak
3,mitvag@n
4,mit=Ins
1,mikado
2,mikrofIlm
2,mikrokOsmOs
5,mIlx=an
53,militAr
3,militArar=t
11,militArdinst
1,militArm&rS
215,milit&rIsmUs
145,milit&rIst
1,mili=ionAr
5,mIli&rdAr
53,mIlionAr
1,mIl=br&nt
9,mim@
1,min@nleg@r
1,miner&log@
13,minirOk
1068,minIst@r
9,minIsterialb@&mt@
2,minIsterial@
25,minIsterialrat
1001,minIst@rprEzidEnt
1,minIstr&nt
5,mir
15,mIS@r
16,mISlIN
4,mISv&lt
78,mIsbrBx
85,mIsErfOlk
3,mIs@tAt@r
5,mIsgrIf
28,mIsionar
4,mIsionsSEf
4,mIskl&N
7,mIskredit
5,mIsmut
18,mIst
68,mIst@r
3,mIsthBf@n
689,mIt&rbWt@r
5,mIt&rbWt@rStap
35,mItbYrg@r
12,mItfar@r
4,mIthErBsgeb@r
16,mItInhab@r
6,mItkEm+@r
18,mItlXf@r
40,mItmEnS
21,mItSyl@r
15,mItSpil@r
3,mItStrWt@r
4,mIttAt@r
46,mItak
47,mItak
5,mItaksSlaf
12,mItakstIS
3,mIt@lfIN@r
17,mIt@lmerrBm
294,mIt@lpUNkt
5,mIt@lsm&n
3,mIt@ltWl
8,mIt@lvek
4,mIt@lvert
12,mItl@r
1255,mItvOx
1,mItfErSvTr@r
3,mItvIs@r
17,mIks@r
2,mod@l
2,modElTr
8,modElf&l
3,mod@r
22,moderatOr
1,mod@rg@rux
2,modErnIsmUs
5,mod@z&l~
2,modUl
11,modUs
16,mLl@r
149,mLnx
156,mLrd@r
4,mLrz@r
6,mLrt@l
1,mohAr
4,mon
12,mor
21,mOka
13,mOlx
8,mOl
6,mOl
233,momEnt
27,mon&rx
15,mon&rxIst
1962,monat
461,mont
50,montBfg&N
32,montUnt@rg&N
11,monitOr
25,monolok
20,monopolIst
4,mOnzInjor@
2,mOnzun
2,mOnzunreg@n
1247,montak
2,mOp
2,mOps
3,mor&lIsmUs
6,moralIst
2,moralkodEks
8,mor&st
252,mOrt
17,mOrt&nSlak
1,mOrtbrEn@r
7,mOrtf&l
1,mOr=Spas
12,mOrtfErzux
456,mOrg@n
6,mOrg@nm&nt@l
5,mOrg@nneb@l
10,mOrg@nrOk
3,mOrg@nStErn
1,mOrfinIst
1,moSUs
8,mOslEm
8,mOst
1,mOstrIx
562,motOr
7,motOr@nlErm
4,motOrrOl@r
5,motOrzegl@r
1,mylb&x
20,mYl
7,mYlWm@r
166,mYl@r
2,mYlvag@n
21,mYn=@r
3,mYn=fErnSprEx@r
1,mysIxgEN@r
4,mysIxg&N
1,mY=@nSIrm
4,mUf
2,mul&t@
9,mUltimilionAr
1,mUltiplikatOr
387,mUnt
5,mUntrBp
1,mUntSENk
2,muz@lm&n
1,muz@lm&n
17,muzik&nt
94,muzik@r
2,muzikler@r
12,muzikteat@r
2,muzikUnt@rrIxt
3,muzikfErlak
3,mUskat
48,mUsk@l
2,mUsk@lkat@r
5,mUsketir
5,mUst&N
2,mUst@rb@trip
3,mUst@rg&t@
2,mUst@rknab@
4,mUst@rSyl@r
253,mut
3,mUt@rbod@n
2,mutvIl@
5,mYstik@r
3,mYsti=IsmUs
31,mytOs
10,nab@l
261,n&xbar
4,n&xbarOrt
15,n&xbarStat
113,naxdrUk
9,naxfar
276,naxfOlg@r
6,naxg@Sm&k
4,naxh&l
1,naxhBz@vek
11,naxholb@d&rf
3,naxkl&N
23,naxkOm@
93,naxl&s
253,naxmItak
471,naxrIxt@ndinst
2,naxrIxt@nSprEx@r
25,naxruf
2,naxz&=
5,naxSlYs@l
13,naxSup
10,n&xtdinst
134,naxtWl
4,n&xtf&lt@r
6,n&xtfrOst
8,n&xthIm@l
15,naxtIS
30,n&xtpOrtie
14,naxtrak
15,n&xtvExt@r
3,n&xtv&ndl@r
2,n&xt=uk
111,naxvWs
81,naxvuks
14,nax=ykl@r
1,nax=uk
3,nad@lbBm
2,nad@lv&lt
1,nAk&st@n
4,nArbod@n
13,nArStOf
3,nArvert
1,nAtIS
74,nag@l
4,nag@ll&k
3,nag@r
2,nak&m+
1,naSnElfErkers=uk
8,nafErker
1653,nam@
5,nam@nstak
8,nam@nsfEt@r
7,nam@ns=uk
1,n&+kux@n
32,n&r
1,n&r=IsmUs
1,n&zal
3,naz@nflyg@l
2,naz@nStyb@r
1,naz@vWs
1,n&=ionalk&r&kt@r
11,n&=ionalfW@rtak
59,n&=ionalIsmUs
16,n&=ion&lIst
6,n&=ionalTkonom
58,n&=ionalp&rk
103,n&=ionalrat
42,n&=ionalzo=ialIsmUs
47,n&=ionalzo=i&lIst
2,n&=ionalSpOrt
23,n&=ionalStat
5,n&=ionalStOl=
5,n&tur&lIsmUs
2,n&turbUrS@
7,n&turmEnS
13,n&turSU=
17,n&turvIs@nS&ftl@r
1,n&tur=uSt&nt
13,n&=IsmUs
140,neb@l
7,neb@lSWnvErf@r
3,neb@lSvad@n
2,neb@n&nSlUs
5,neb@nbul@r
1,neb@nErvErp
10,neb@nflUs
1,neb@ng@d&Nk@
10,neb@nklAg@r
52,neb@nz&=
1,neb@nton
4,neb@nfErdinst
44,nEf@
2,neg@rzEN@r
2,neg@rsklav@
33,nWt
1,nWd@r
3,nWnzag@r
26,nEnb@trak
21,nEn@r
51,nEnvert
2,neof&SIsmUs
22,neokolonialIsmUs
19,neon&=IsmUs
158,nErf
2,nErv@nkI=@l
7,nErv@n=uz&m@nbrUx
5,nEr=
1,nEs@l
4,nEstbB
3,nEtoErtrak
4,nEtoprWs
219,nXbB
52,nXb@gIn
65,nX@r@r
1,nXhumanIsmUs
37,nXjarstak
3,nXjarsvUnS
1,nXk&ntian@r
33,nXlIN
19,nXmont
2,nXfilolog@
2,nXrolog@
19,nXSne
3,nXtTn@r
4,nXvert
27,nIxt&ngrIfsp&kt
3,nIxtf&xm&n
2,nIxtk&tolik
20,nIxtrBx@r
5,nIxtSvIm@r
1,nIx=kLn@r
2,nIx=nU=
28,nid@rg&N
113,nid@rSlak
3,nim&nt
2,nir@nStWn
3,niz@lreg@n
75,nitnag@l
5,nihilIsmUs
3,nihilIst
2,nIks
10,nob@l
37,nobElprWstrAg@r
5,nomad@
1,nomin&tif
4,nOnkOnfOrmIsmUs
1,nOnkOnfOrmIst
3,nOnstOpfluk
364,nOrt
15,nOrtOst
13,nOrtOst@n
20,nOrtvEst
13,nOrtvEst@n
2,nOrtvEstvInt
5,nOrtvInt
6,nOrmalf&l
52,notar
8,notb@hElf
4,not@nBstBS
22,notf&l
3,nothElf@r
4,noti=blOk
1,notSrW
36,notSt&nt
1,novElIst
25,nu
67,nukleUs
24,nUlpUNkt
7,nUsbBm
5,nU=
24,nU=EfEkt
229,nU=@n
16,nU=nis@r
14,ob@r
17,ob@r&rm
28,ob@rar=t
13,ob@rb@fel
54,ob@rb@felshab@r
10,ob@rfLrst@r
14,ob@rInZeniTr
6,ob@rkEln@r
4,ob@rkif@r
34,ob@rkLrp@r
29,ob@rkOm&ndir@nd@
6,ob@rlBf
14,ob@rler@r
50,ob@rlXtn&nt
32,ob@rSENk@l
25,ob@rSyl@r
107,ob@rst
16,ob@rSta=&nv&lt
47,ob@rstlXtn&nt
1,ob@rStOk
8,ob@rStudi@nrat
2,OpjEktivIsmUs
7,OpjEktz&=
1,OpzErv&nt
1,opzErvatOr
2,opstbB
16,opstbBm
11,opstgart@n
1,opsthEndl@r
3,opstz&ft
30,Oks@
3,od@m
1,Lfn@r
11,Tkonom
2,TlbErk
1,TldrUk
62,of@n
2,OfzEtdrUk
2,om
2,or@n=Xg@
9,orrIN
2,orSmUk
1,orvUrm
11,Okup&nt
1,Oktan
2,oliv@nbBm
140,ONk@l
58,opa
9,op@r&=ionszal
3,op@ra=ionstIS
6,op@rnzEN@r
1,O+@rg&N
8,O+@rvIl@
19,OpOrtunIsmUs
8,OpOrtunIst
105,OptimIsmUs
19,OptimIst
3,orqZ@nz&ft
91,Ord@n
4,Ord@nsrIt@r
13,Ordn@r
7,OrdnUNshyt@r
52,Org&nizatOr
77,Org&nIsmUs
3,Org&nIst
4,Org@lbB@r
33,oriEnt
6,oriEnttEpIx
2,originaltEkst
6,orion
7,Orkan
673,Ort
7,Or=nam@
62,OstblOk
529,Ost@n
6,ost@rhaz@
9,ost@rmontak
8,ost@rzOntak
8,OstflYxtlIN
1,OstnOrtOst
8,OstvInt
1,Ot@r
77,o=ean
7,o=eand&m+@r
7,p&xtfErtrak
2,p&k
2,p&kez@l
23,pExt@r
68,pEd&gog@
6,paZ@
78,p&kt
78,p&l&st
27,p&lm
2,p&nda
1,p&negyrik@r
7,p&nt@r
3,p&ntOf@lhElt
109,p&n=@r
5,p&n=@rkrX=@r
3,p&n=@rSr&Nk
10,p&n=@rvag@n
82,p&pa
20,p&p&gW
5,p&pirtig@r
5,p&p@nStil
8,p&prika
374,papst
1,p&r&bolSpig@l
1,p&rad@m&rS
1,p&r&graf@nrWt@r
4,p&r&lelIsmUs
15,p&rd~
1,paria
211,p&rk
82,p&rkpl&=
1,p&rl&mEntAr
57,p&rl&mEntari@r
5,p&rl&mEnt&rIsmUs
5,p&rt
39,p&rtWfyr@r
499,p&rtWtak
6,p&rtikularIsmUs
342,p&rtn@r
17,p&Sa
76,p&s
115,p&s&Zir
1,p&satvInt
55,p&sirSWn
70,p&stOr
26,pat@
28,pat@r
6,p&tolog@
374,p&=iEnt
122,p&triot
19,p&triotIsmUs
3,p&tri=i@r
22,p&tron
2,p&J
2,pBk@r
10,pBSalprWs
11,p&=ifIsmUs
15,p&=ifIst
4,pExfog@l
3,ped&nt
2,pedEl
5,peg@l
14,peg@lSt&nt
5,pWnIg@r
4,pWtS@nhip
2,pWtS@nkn&l
2,pelikan
23,pEl=
4,pEl=krag@n
7,pEl=m&nt@l
2,pEndl@r
17,pqzionAr
1,pErfEk=ionIst
1,pErl@nfIS@r
1,pEr~
2,pErz@rkrik
4,pErz@rtEpIx
9,pErzonalBfv&nt
22,pErzonalBsvWs
19,pErzonalrat
18,pErzon@nkr&ftvag@n
11,pErzon@nkrWs
4,pErzon@n=uk
22,pErspEktifplan
34,pEsimIsmUs
10,pEsimIst
29,+atfInd@r
4,+&f@
55,+&ntbrif
5,+&nkux@n
177,+&r@r
1,+&rhEr
19,+Ef@r
1,+Ef@rkux@n
1,+Ef@rmIn=te
1,+Wf@nkO+
1,+Wf@ntab&k
24,+Wl@r
8,+erd@fus
3,+erd@Sv&n=
3,+erd@St&l
12,+If@rlIN
3,+l&n=@nfrEs@r
4,+l&n=@nSU=
3,+l&n=@r
5,+l&st@rStWn
1,+lBm@nbBm
44,+leg@r
3,+leg@fat@r
26,+Lrtn@r
20,+Ost@n
2,+rO+
2,+rO+@n
1,+US@r
1,f&lUs
4,f&nt&st
2,far&o
3,f&rm&kolog@
2,f&rm&=Xt
3,fil&telIst
25,fIlh&rmonik@r
11,filolog@
132,fyzik@r
3,fyzikUnt@rrIxt
16,pi&nIst
1,pIk
1,pip
4,pir
5,pir
1,pilar
26,pIlg@r
162,pilot
30,pIl=
19,pInz@l
100,pionir
6,pirat
1,pl&giatOr
1222,plan
20,plan@r
108,pl&net
30,pl&st
10,pl&t@nSpil@r
1,pl&tfus
1550,pl&=
2,pl&=h&lt@r
1,pl&=m&N@l
2,pl&=reg@n
1,pl&=vEks@l
1,plBd@r@r
2,plBd@rton
1,plBS
2,plYnd@r@r
4,plYS
2,plUmps
3,plUnd@r
2,plural
3,pluralIsmUs
2,plUspol
9,plUspUNkt
8,pnX
1,po0tijIsmUs
770,pol
1,polarfUks
2,polarkrWs
2,polarStErn
491,politik@r
3,poli=WfUNk
6,poli=WhUnt
5,poli=WkOmIsar
26,poli=WprEzidEnt
250,poli=Ist
2,pOlt@rab@nt
1,pOlt@rgWst
4,polyEst@r
9,pOmp
6,pOre
22,pOrt
2,pOrtrAtIst
4,pOrtvWn
2,pozBn@nEN@l
8,pozitif
1,pozitivIsmUs
2,pozitivIst
2,pOs@nrWs@r
13,pOstb@&mt@
7,pOstbot@
5,pOstdinst
154,pOst@n
3,pOstk&st@n
2,pOstmWst@r
8,pOstSEk
6,pOstStEmp@l
1,potEntat
7,pOt
1,pr&xtkErl
1664,prEzidEnt
15,prEzidEntS&f=k&ndidat
10,prE=edEn=f&l
5,pr&gmatik@r
2,pr&gm&tIsmUs
1,pralh&ns
5,pr&ktik&nt
33,pr&ktik@r
3,pr&l
5,pr&N@r
1,pr&s@r
19,predIg@r
1586,prWs
5,prWsStOp
4,prWsStUr=
15,prWstrAg@r
3,prWsfErglWx
1,prEl@r
179,pr@mieminIst@r
27,prEs@dinst
1,prEs@fotograf
34,prEs@fErtret@r
1,prEslIN
1,prEslUftbor@r
1,prEsStOf
16,primitiv@
384,prIn=
1,prIn=g@mal
18,privatb@zI=
4,privatdetEktif
5,privatler@r
15,privatm&n
2,privatzekretAr
1,privatUnt@rrIxt
2,prob@&l&rm
2,prodUk=ionsf&ktOr
23,prodUk=ionsplan
25,prodUk=ionspro=Es
7,prodUk=ionsvert
9,prodUk=ions=vWk
79,produ=Ent
3,profEsional
3,profEsion&lIsmUs
46,profit
1,profitm&x@r
7,progr&mir@r
1,projEk=ions&p&rat
11,projEktOr
1,prokOnzUl
1,prokuratOr
34,prokurIst
7,proletari@r
13,prominEnt@
40,prop&g&ndIst
8,prot&gonIst
6,protEktionIsmUs
8,protEktOr
43,protEst&nt
9,protEst&ntIsmUs
1,protokOlfyr@r
23,prototyp
3,provIn=ial
4,provIn=i&lIsmUs
1,provIn=l@r
16,provok&tTr
23,pryf@r
17,pryg@l
10,pryg@lknab@
8,prUNk
4,prUNkStYk
1,ps&lmIst
4,psyxo&n&lytik@r
38,psyxolog@
4,psyxoter&pXt
32,pUbli=Ist
2,pUk
12,pud@l
3,pUfErm@l
3,pUf@r
1,pUf@rStat
31,pUls
19,pUlsSlak
9,pUlf@rSne
2,puma
22,pUmp
1,p&nJ
1594,pUNkt
1,pUp@nvag@n
1,purIst
1,puritan@r
3,purit&nIsmUs
8,pUr=@lbBm
3,put@r
41,pUJ
14,pUJIst
6,pUJfErzux
18,pU=
26,kA
5,kv&litA=vWn
26,kv&lm
4,kv&rk
7,kvar=
2,kv&st
25,kv&J
2,kverbanStWk
5,kverb&lk@n
1,kverkO+
39,kverSnIt
5,kverSUs
1,kvertrWb@r
6,kverul&nt
39,r&b&t
1,r&bBk@
1,r&bi
11,r&bin@r
15,rab@
2,r&x@&kt
5,r&x@dUrst
11,r&x@n
3,r&dB
1,r&dBbrud@r
27,ratfar@r
6,radi
2,r&di&nt
2,r&diator
5,r&dirgUmi
17,r&dikalIsmUs
1,radio&m&tTr
10,radio&p&rat
2,radiozEnd@r
3,radl@r
1,ratm&nt@l
25,ratSpOrt
5,ratSpOrtl@r
2,ratvek
6,rEx@r
6,rAd@lsfyr@r
3,rAm
64,rXb@r
1,rXb@rhBptm&n
1,rXx@ral
1,rXx@rSpEk
1,r&glanErm@l
7,ram
700,ram@n
2,rWn
4,r&ket@n&ntrip
1,r&mbOk
220,r&mS
1,r&mSlad@n
10,rEnJ@r
353,r&nt
329,r&N
2,rqZirbanhof
1,r&NUnt@rSit
26,r&Nk
2,r&n=@n
9,r&p@
1,r&p@l
8,r&ps
51,raz@n
4,raz@nmA@r
2,raz@nSprEN@r
7,r&zir&p&rat
3,r&zirpInz@l
1,r&zirSpig@l
5,r&s@nh&s
3,r&st@r
8,r&stpl&=
669,rat
2,rat@nkBf
6,rat@n=alUN
31,ratgeb@r
5,rathBszal
20,r&=ionalIsmUs
3,r&=ion&lIst
60,ratSlak
5,ratSlUs
10,ra=hEr
6,ra=kEl@r
7,r&t@nfEN@r
4,r&t@nSv&n=
41,rBp
1,rBpfIS
1,rBpmLrd@r
5,rBpmOrt
1,rBprIt@r
20,rBpyb@rf&l
6,rBpfog@l
10,rBp=uk
80,rBx
1,rBx&p=uk
30,rBx@r
3,rBx@rhust@n
2,rBxz&l~
1,rBxtab&k
2,rBfbOlt
1338,rBm
14,rBmfar@r
1,rBmInh&lt
1,rBmm&N@l
8,rBp@nSlEp@r
28,rBS
8,rBS@r
1,rBsSmIs
28,re&k=ionAr
46,re&ktOr
30,real
37,real
72,realIsmUs
28,re&lIst
8,reallon
1,reb@nz&ft
1,repStOk
5,rEx@n
5,rEx@nSib@r
11,rExn@r
182,rEx=&nv&lt
27,rEx=Bs@n
4,rEx=bWSt&nt
2,rEx=f&l
1,rEx=hEnd@r
20,rEx=SU=
34,rEx=Stat
77,red&ktTr
19,red&k=ionsSlUs
1,red@Sv&l
163,redn@r
63,red@r
16,referEndar
63,referEnt
2,reflEkt&nt
2,reflEktOr
16,reflEks
4,refOrmatOr
2,refOrmIsmUs
4,refOrmIst
285,reg@n
5,reg@nbog@n
1,reg@nf&l
2,reg@ngUs
19,reg@nm&nt@l
12,reg@nSB@r
25,reg@nSIrm
39,regEnt
5,reg@ntak
4,reg@ntrO+@n
2,reZi&sIstEnt
18,regirUNsb@=Irk
4,regirUNszI=
57,regirUNsSprEx@r
4,regimEn=kOm&ndTr
2,regIstratOr
4,regl@r
2,regulatOr
1,rWbUNsvid@rSt&nt
1,rWxsadl@r
42,rWxsk&n=l@r
28,rWxsprEzidEnt
126,rWxstak
113,rWxtum
63,rWf
34,rWf@n
10,rWg@n
86,rW@n
9,rW@r
41,rWm
2,rWm@r
5,rWnErlTs
3,rWnErtrak
3,rWnf&l
92,rWng@vIn
285,rWs
197,rWs
1,rWsbB
7,rWz@b@glWt@r
5,rWz@b@rIxt
7,rWz@fyr@r
91,rWz@nd@
17,rWz@p&s
3,rWz@SEk
14,rWz@fErker
2,rWsBs
3,rWs@r
12,rWsfErSlUs
143,rWt@r
1,rWt@r&ngrIf
1,rWt@rsm&n
1,rWtler@r
1,rWtvek
79,rW=
3,rekOrtb@zux
7,rekOrtfErzux
104,rEktOr
4,religionskrik
4,religionsler@r
10,religionsUnt@rrIxt
20,rEn@r
41,rEnfar@r
1,rEnrWt@r
8,rEnSt&l
8,rEnvag@n
4,rEnt@nEm+EN@r
60,rEnt@nm&rkt
1,rEntie
120,rEntn@r
1,reOrg&nizatOr
1,repetitOr
52,repOrt@r
115,reprEzEnt&nt
51,repUblikan@r
1,repUblik&nIsmUs
1,rezErv@f~
5,rezErv@Ofi=ir
19,rezErvIst
1,rezidEnt
1,rezon&n=bod@n
364,rEst
5,restBratOr
3,rEstb@St&nt
26,rEt@r
1,rEtUNs&Nk@r
20,rEtUNsdinst
1,retUSTr
1,revqS@krik
27,revqSIsmUs
41,revqSIst
15,revirfLrst@r
17,revizionIsmUs
13,revizionIst
36,revolu=ionAr
7,re=EnzEnt
1,re=EptblOk
2,re=EptOr
2,re=itatOr
8,r&b&rb@r
291,rWn
8,rWnlEnd@r
1,rXmatik@r
331,rIxt@r
6,rIxt@rSprUx
6,rIxt@rStul
1,rIxtUNsvEks@l
3,rix@r
1,rixStOf
20,rig@l
4,rim@n
20,riz@
5,riz@nSrIt
2,rigorIsmUs
275,rIN
5,rIN@l
1,rIN@lrW@n
2,rIN@r
27,rINfIN@r
1,rINkEm+@r
7,rINk&m+
3,rINtBS
1,rIp@nbrUx
5,rIp@nStos
50,rIs
24,rIt
55,rIt@r
5,rIt@rOrd@n
2,rIt@rSlak
6,rItmWst@r
1,ritu&lIsmUs
26,rObOt@r
60,rOk
4,rOkkrag@n
2,rOkzBm
3,rOkSos
2,rod@l
2,rod@lSlIt@n
120,rTm@r
2,rTm@rbrif
1,rLntg@nolog@
1,rLs@lSprUN
1,rog@n
122,rOg@n
16,robB
31,roErtrak
1,rokLstl@r
3,rolIN
1,rorbrUx
1,rorkOlb@n
6,rorleg@r
3,rorStOk
2,rorStul
23,roStal
145,roStOf
4,rotab&k
1,ro=uSt&nt
5,rOllad@n
8,rOl@r
2,rOlkrag@n
1,rOlmOps
2,rOlSu
14,rOlStul
349,roman
32,roman@
2,romanhElt
2,romanIst
1,romanSrWb@r
11,rom&ntik@r
1,roz@ndUft
9,roz@ngart@n
14,roz@nkol
6,roz@nkr&n=
2,roz@nmontak
21,rOst
1,rOstflEk
22,rotb&rS
5,rotbart
2,rotdOrn
9,rotg&rdIst
1,rotgUs
19,rotkol
2,rotkO+
7,rotOr
24,rotvWn
4,rO=
9,rutinie
4,ro&j&lIst
10,rubin
2,rux
44,rUk
13,rud@r@r
4,ryps@n
38,rYkblIk
14,rYkf&l
16,rYkfluk
130,rYkg&N
13,rYkgrIf
12,rYkh&lt
17,rYkkBf
2,rYklBf
5,rYkm&rS
1,rYkruf
51,rYkSlak
13,rYkSlUs
10,rYkSrIt
4,rYkzI=
18,rYkSpig@l
83,rYkSt&nt
26,rYkStos
3,rYkStos&ntrip
4,rYktr&nspOrt
165,rYktrIt
6,rYkvEr=g&N
78,rYk=uk
3,ryd@
1,rYlps
1,rYlps@r
7,rYs@l
577,ruf
4,ruf@r
2,rufmOrt
2,rufnam@
10,ru@zI=
50,ru@St&nt
3,ru@StTr@r
12,ru@tak
119,rum
25,ruin
16,rUm
29,rUm@l
5,rUm@lpl&=
16,rumor
1,rUmp@l
35,rUm+
7,r&n
4,rUntblIk
5,rUntfluk
313,rUntfUNk
5,rUntfUNk&p&rat
18,rUntfUNkzEnd@r
28,rUntg&N
3,run@nStWn
9,rus
1,rut@ngEN@r
8,rUJ
245,zal
4,z&botaZ@&kt
19,z&botTr
37,z&xb@&rbWt@r
83,z&xfErh&lt
11,z&xfErSt&nt
1,z&x=uz&m@nh&N
102,z&k
17,zAb@l
72,zEN@r
3,zEN@rbUnt
2,zEN@rkor
1,zEtIgUNsgrat
8,zXf@r
1,zXg@r
37,zXklIN
1,zXl@ng&N
1,zXr@g@h&lt
1,zef
1,z&fr&n
31,z&ft
2,zEz~b@trip
10,z&l&m&nd@r
2,z&lm
1,z&l~lTv@
15,z&lto
2,z&l=herIN
3,z&l=ze
2,z&mba
11,zam@
9,zam@n
16,z&m@lb&nt
8,z&m@lb@grIf
2,z&m@lnam@
2,z&m@lpl&=
6,z&m@t
23,z&ml@r
8,z&mt
4,z&mth&ntSu
184,z&nt
6,z&ntbod@n
3,z&nthBf@n
6,z&ntk&st@n
1,z&ntkux@n
8,z&ntStWn
15,z&ntStr&nt
6,z&N
1,z&nirUNsplan
12,z&nitAt@r
1,z&nitA=dinst
2,z&nitA=Ofi=ir
4,z&nitA=vag@n
95,z&rk
1,zari
6,z&rk&smUs
49,zat&n
18,z&tElit@nStat
1,z&t0
3,z&tirik@r
75,z&t@l
1,z&t@lgUrt
6,z&tl@r
1,z&tl@rmWst@r
979,z&=
8,z&=bB
3,z&=tWl
1,z&==uz&m@nh&N
4,zB@r&m+@r
1,zB@rbrat@n
6,zB@rkol
63,zB@rStOf
3,zB@rStOfm&N@l
6,zB@rtWk
15,zBm
1,zBs
2,zBSt&l
1,z&ksofonIst
3,Sab@rn&k
2,S&x@r
4,S&xmWst@r
10,S&xSpil@r
53,S&xt
9,S&x=uk
259,Sad@n
26,Sad@nErz&=
5,SatStOf
65,SAd@l
10,SAd@lbrUx
14,SAtlIN
25,SAf@r
12,SAf@rhUnt
10,SAf@rk&r@n
1,SEnd@r
1,SE=prWs
1,SafbOk
1,S&f@nsdr&N
16,S&fn@r
1,SafhIrt
4,SafpEl=
1,SafskO+
9,S&ft
54,Sa
10,S&kal
12,Sal
89,S&lk
2,S&l
51,S&lt@r
5,S&lt@rb@&mt@
5,S&ltheb@l
1,S&m&nIsmUs
1,S&Nk
3,S&NktIS
2,S&NkvIrt
4,S&rfblIk
1,S&rfSY=@
6,S&rfzIn
1,S&rl&x
5,S&rm
1,S&r@n
286,S&t@n
97,S&=
2,S&=grAb@r
4,S&=mWst@r
14,SBd@r
37,SB@r
1,SBfEnst@rdekor&tTr
22,SBm
3,SBmStOf
1,SBmvWn
188,SBSpil@r
1,SBStEl@r
60,SEk
2,SEf@l
6,SWb@nvIS@r
9,SWx
3,SWd@vek
8,SWdUNsgrUnt
2,SWdUNspro=Es
1,SWk
131,SWn
1,SWngrUnt
1,SWntot
64,SWnvErf@r
1,SWs@r
15,SWt@l
2,SWt@lpUNkt
7,SWt@rhBf@n
14,SElfIS
5,SElm
1,SElm@nStrWx
12,Sem@l
2,SENk
26,SENk@l
4,Ser@nSnIt
5,Ser@r
6,SErg@
61,SEr=
1,SX@rz&nt
10,Si
1,SIxtlon
4,SIxtvEks@l
4,SIk
6,SIkzalsSlak
20,Sib@r
1,Si=m&n
174,Si=rIxt@r
1,Si=rIxt@rStul
1,Sif@r
9,Sin@nvek
9,SisWz@n
3,Sispl&=
4,SisSpOrt
13,SisSt&nt
29,SIfbB
9,SIfbrUx
17,SIf@r
1,SIfsar=t
2,SIfsbB
2,SIfsWgn@r
2,SIfsjUN@
1,SIfsk&pitAn
5,SIfskLrp@r
1,SIfsmakl@r
2,SIfsrUm+
8,SIfsfErker
1,SIfs=Im@rm&n
77,SIlt
38,SIlt
1,SIld@rv&lt
115,SIl@r
30,SIlIN
13,SIm@l
1,SIm@lpIl=
20,SIm@r
12,SImp&nz@
7,SIm+
2,SInd@r
18,SINk@n
1,SIntoIsmUs
38,SIrm
4,SIrmhEr
1,SIrmStEnd@r
4,Sl&xt@r
17,Sl&xthof
2,Sl&xtplan
1,Sl&k
1,SlExt@r
4,SlAf@r
1,SlAg@l
20,SlAg@r
148,Slaf
11,Slaf&n=uk
1,SlafrOk
2,Slafzal
5,Slafz&k
5,Slafvag@n
301,Slak
20,Slak&nf&l
12,SlakbBm
57,Slag@r
1,Slakram
1,SlakrIN
10,Slak=Xg@r
70,Sl&m
3,Sl&mp
5,Sl&N@nb@SvTr@r
5,Sl&pSv&n=
26,SlBx
10,Sleg@l
7,SlWx@r
51,SlW@r
5,SlWfStWn
4,SlWm
3,SlEm@r
3,SlEndrian
5,SlEp
33,SlEp@r
3,SlEpkan
2,SlEp=uk
4,SlXd@rprWs
6,SlIx
19,SlIxt@r
1,SlIk
9,SlIf
20,SlIps
34,SlIt@n
3,SlItSu
11,SlI=
55,SlOs@r
8,Slosg&rt@n
6,Slot
51,SlUk
1,SlUkBf
7,SlY+@r
146,SlYs@l
5,SlYs@lbUnt
3,SlYs@lroman
7,SlUm@r
5,SlUnt
8,SlU+vINk@l
581,SlUs
2,SlUs&kt
8,SlUspUNkt
5,SlUsz&=
2,SlUsStWn
7,SmalfIlm
22,Sm&l=
5,Sm&rO=@r
1,SmBs
13,SmEl=
4,SmEl=kAz@
3,SmEl=of@n
2,SmEl=pUNkt
2,SmEl=tig@l
214,SmEr=
1,SmEr=@nsSrW
19,SmEt@rlIN
1,SmEt@rlINsStil
17,Smit
2,Smid@h&m@r
1,Smir@nSBSpil@r
1,SmirfINk
3,SmIs
1,SmOlvINk@l
67,SmUk
1,SmUkk&st@n
4,SmUg@l
5,SmUgl@r
34,SmU=
37,Snab@l
1,Sn&l@nSu
11,Sn&pSUs
79,Sn&ps
1,Sn&psbrEn@r
16,SnB=
2,SnB=bart
244,Sne
5,Sneb&l
53,Snef&l
3,Snem&n
3,Snem&J
17,SneStUrm
40,SnWd@r
1,SnWd@rg@zEl@
2,SnWd@rmWst@r
5,SnElhEft@r
1,SnElImbIs
8,SnEl=uk
74,SnIt
5,SnIts@r
8,SnI=l@r
6,SnLrk@l
3,SnYfl@r
7,SnyrSu
7,SnyrStif@l
1,SnU+tab&k
26,SnUrbart
25,SOk
8,STnhW=fel@r
3,STnhW=vEtb@vErp
1,STnredn@r
67,SL+@r
1,SL+@rgWst
1,SLslIN
2,Sol&stik@r
1,SOl@nbrEx@r
4,SO+
2,SOp@n
35,SOrnStWn
6,SOrnStWnfeg@r
56,Sos
2,Sot@
1,SOt@
1,SOt@n
5,SOt@r
131,Sr&Nk
7,Sr&Nk@nvErt@r
8,SrBb@nSlYs@l
3,SrBb@n=i@r
5,SrBpStOk
52,SrEk
99,SrW
1,SrWpblOk
37,SrWb@r
126,SrWptIS
2,SrWh&ls
9,SrWn
4,SrWn@r
4,SrIftg@lert@
389,SrIftStEl@r
1063,SrIt
38,SrOt
8,SrOthEndl@r
2,SrUb@r
1,SrUnt
33,Sup
1,SUps
627,Syl@r
5,Syl@rlo=@
4,SYt@lfrOst
33,SY=
19,SY=
23,SY=@
10,SY=@ngrab@n
4,SY=@nkTnIx
1,SY=@npl&=
8,SY=@nfErWn
4,SY=@r
19,SY=lIN
5,SUft
195,Su
2,Su&n=i@r
2,SupU=@r
2,Sular=t
1,Sul&tl&s
5,Sulb@gIn
8,Sulb@zux
1,SUltb@vWs
10,Suldinst
25,SUldIg@
18,SUldn@r
1,SUltSWn
5,SUltSprUx
5,SulfrXnt
30,SulfUNk
5,Sulg&N
25,Sulhof
3,SuljUN@
14,Sulk&m@rat
3,Suller@r
34,SullWt@r
6,SulmWst@r
3,Sulr&n=@n
16,Sulrat
1,SulSlUs
2,SUlt@rrim@n
10,SulUnt@rrIxt
8,Sulvek
4,SUnt
25,SUp@n
10,SUrk@
1,SUr=
286,SUs
9,Sust@r
1,Sust@rjUN@
31,SUt
1,SUt&plad@pl&=
3,SUthBf@n
401,SU=
6,SU=&n=uk
14,SU=EN@l
1,SU=gWst
5,SU=m&n
1,SU=p&tron
1,SU=rBm
5,SU=UmSlak
8,SU=v&l
1,SU==Ol
1,Svab@nStrWx
1,Sv&xkO+
6,Sv&xzIn
2,Sv&xStrom
3,Svad@n
4,SvExlIN
1,SvAr
6,SvErm@r
42,Svag@r
4,Sv&l
16,Sv&m
48,Svan
2,Sv&ng@rS&f=urlBp
4,Sv&Nk
62,Sv&n=
28,Sv&rm
7,Sv&r=hEndl@r
8,Sv&r=h&nd@l
5,Sv&r=m&rkt
1,Sv&r=m&rktprWs
2,Sv&r=ze@r
1,Sv&r=zEnd@r
87,Sv&r=v&lt
2,Sv&=
5,Sveb@b&lk@n
4,Sveb@=uSt&nt
9,Svef@l
7,Svef@lv&s@rStOf
3,SvWf
13,SvWn@bBx
4,SvWn@brat@n
2,SvWn@hUnt
5,SvWn@St&l
3,SvWnskO+
89,SvWs
3,SvWsBsbrUx
3,SvWsbrEn@r
11,SvWs@r
2,SvWsfus
4,SvWstrO+@n
1,SvEN@l
2,Sver&rbWt@r
8,Sverg@vIxtl@r
157,SverpUNkt
11,SvertfIS
2,SverfErbrEx@r
23,Svig@rzon
29,Svig@rfat@r
5,SvirIxkW=grat
1,SvImmWst@r
41,SvIm@r
1,SvImgYrt@l
4,SvImSpOrt
1,SvImStil
33,SvInd@l
2,SvInd@l&nf&l
6,SvIndl@r
2,SvIN@r
2,SvI=k&st@n
6,SvUnt
104,SvUN
22,Svur
4,zEks=ylInd@r
5,zEx=Ig@r
207,ze
228,ze
1,zeadl@r
2,zebAr
10,zefar@r
4,zefIS
4,zeg&N
21,zehaf@n
1,zeh&nd@l
6,zehUnt
6,zeig@l
2,zekrik
12,zel&ks
2,zel@nfrid@n
6,zel@n=uSt&nt
12,zelzOrg@r
10,zem&n
4,zerXb@r
7,zez&nt
2,zeStErn
2,zet&N
13,zevek
7,zeg@lflig@r
2,zeg@lSpOrt
61,zeg@n
2,zeg@nsvUnS
15,zegl@r
4,ze@r
1,zefel@r
1,zenErf
2,zWd@nfad@n
2,zWf@nSBm
5,zWltEn=@r
1,zWl=uk
4,zWsmograf
1,zWsmolog@
15,zWt@n&ltar
1,zWt@nBsg&N
3,zWt@nblIk
1,zWt@nflyg@l
1,zWt@ng&N
4,zWt@nhip
9,zWt@nSprUN
1,zWt@nvag@n
2,zWt@nvInt
490,zekretAr
69,zEkt
1,zEktir@r
2,zEktionsSEf
1,zekUndan@r
16,zElpstb@dinUNslad@n
5,zElpstb@truk
3,zElpstErh&ltUNstrip
8,zElpstkOst@nprWs
12,zElpstmLrd@r
128,zElpstmOrt
20,zElpstmOrtfErzux
6,zElpstSU=
23,zElpst=vEk
2,zeminarIst
359,zenat
156,zenatOr
17,zEntbot@
98,zEnd@r
1,zEnd@rBm
1,zEnd@SlUs
24,zEnf
23,zeniOr
6,zeniOrSEf
3,zENkrExtSt&rt@r
1,zEn
1,zEn@
1,zEnz&=ionspro=Es
1,zEnz@nm&n
1,zEnzOr
1,zEnzu&lIsmUs
2,zep&ratfrid@
9,zep&r&tIst
1,zeri@nbB
1,zErvirtIS
3,zez&m
99,zEs@l
3,zEs@llIft
6,zE=@r
25,zXf=@r
32,zEks
1,zEkst&n@r
1,ze=Esionskrik
3,SAr
4,zIx@rhW=&pSt&nt
5,zIxtfErmErk
1,zipdrUk
1,zib@nSlAf@r
2,zid@pUNkt
49,zidl@r
908,zik
4,zig@lb@var@r
1,zig@lrIN
292,zig@r
7,zig@rkr&n=
2,zig@slBf
12,zig@s=uk
2,zIlb@rfUks
1,zIlb@rlIN
6,zIlb@rSmit
1,zIlb@rStIft
5,zIlb@rStrWf@n
1,zIlvEst@rb&l
2,zimul&nt
2,zimulatOr
2,zINz&N
2,zINgular
2,zINfog@l
1,zINkStOf
1702,zIn
4,zinolog@
4,zif~
1,zIp@nfErb&nt
158,zTr
2,zir
1,zIt@nkodEks
1,zIt@nrIxt@r
10,zIt@nStrOlx
307,zI=
29,zI=pl&=
7,zI=StrWk
28,zI=UNszal
4,zI=UNs=Im@r
2,sk&ld@
4,sk&lp
32,skat
15,skEptik@r
9,skEJ
76,Si
8,Sifar@r
24,SilXf@r
4,Siler@r
16,SilIft
1,skI=@nblOk
33,sklav@
3,sklav@nhEndl@r
2,sklav@nm&rkt
10,skOrpion
3,slIp
10,sl&m
1,smUtj@
9,snOp
7,snobIsmUs
27,zLldn@r
824,zon
5,zol
3,zol
1,zolarplEksUs
4,zOlt
44,zolIst
1,zolotEn=@r
410,zOm@r
1,zOm@r&nf&N
1,zOm@rBfEnth&lt
3,zOm@rfarplan
18,zOm@rmonat
3,zOnd@rdrUk
6,zOnd@rlIN
13,zOnd@rprWs
8,zOnd@rStEmp@l
8,zOnd@rvUnS
15,zON
562,zOnab@nt
65,zOn@nBfg&N
6,zOn@nbr&nt
2,zOn@ngOt
1,zOn@nhut
4,zOn@nSIrm
2,zOn@nStIx
11,zOn@nStral
5,zOn@ntak
51,zOn@nUnt@rg&N
1195,zOntak
48,zOntakab@nt
1,zOntaksfar@r
7,zofIst
7,zopran
1,zOrtimEnt@r
1,zuflTr
1,zuflTrk&st@n
16,zuv@rAn
17,zOvjEtbYrg@r
9,zOvjEtrUs@
2,zOvjEtStErn
359,zo=ialdemokrat
770,zo=ialIsmUs
192,zo=i&lIst
41,zo=ialp&rtn@r
8,zo=ialrEntn@r
30,zo=iolog@
4,zo=iUszI=
1,SpA@r
4,SpAtrUp
12,SpAthErpst
2,SpAtlIN
17,SpAtzOm@r
120,Sp&lt
6,Span
1,Sp&N@nSu
17,Sp&n
1,Sp&nbetON
1,Sp&nUNs&pf&l
1,Sp&nUNs=uSt&nt
33,Spar@r
8,Sp&rg@l
2,SpargrOS@n
1,Sp&r@n
9,Spar=Ins
187,Spas
6,Spasfog@l
11,Spat
14,Spat@n
6,Spat@nStIx
25,Sp&=
15,Sp&=irgEN@r
58,Sp&=irg&N
4,Sp&=irStOk
12,Sp&=irvek
7,SpExt
41,SpEk
1,SpEkStWn
9,SpeditTr
33,Sper
30,SpWx@l
1,SpWx@lflUs
22,SpWx@r
1,SpWz@rEst
28,SpWz@zal
1,SpWz@Sr&Nk
12,SpWz@vag@n
4,SpWz@=Et@l
1,SpEktral&p&rat
13,Spekul&nt
11,SpEnd@r
11,SpEngl@r
12,SpErb@r
31,SpErlIN
1,SpErkrWs
3,Spe=ial
1,Spe=ialar=t
112,Spe=i&lIst
227,Spig@l
1,Spik@r
3,SpilBtomat
5,Spilb&l
365,Spil@r
87,SpilfIlm
2,Spilg@fArt@
5,Spilk&m@rat
4,SpillWt@r
1,Spilm&n
48,Spilplan
14,Spilpl&=
72,SpilrBm
2,SpiltXf@l
3,SpiltIS
4,SpilfErdErb@r
32,Spis
9,SpisbYrg@r
4,Spis@r
3,Spisg@zEl@
9,SpWk
12,spIn
20,Spinat
6,SpIn@r
5,SpInStOf
44,Spion
1,Spiralbor@r
6,Spiralneb@l
2,SpiritIsmUs
1,SpIrItIst
2,Spiritu&list
7,spiritUs
2,spiritUskOx@r
274,SpI=
4,SpI=bart
5,SpI=bub@
15,SpI=@l
2,SpI=@nfIlm
34,SpI=@nrWt@r
5,SpI=@nSpOrtl@r
5,SpI=nam@
1,Splin
2,SplInt
8,SplIt
11,SplIt@r
4,SpLt@r
5,Spor
6,SpOrn
467,SpOrt
1,SpOrt&rtik@l
1,SpOrtar=t
22,SpOrtfrXnt
5,SpOrtklUp
20,SpOrtler@r
157,SpOrtl@r
50,SpOrtpl&=
3,SpOr=m&n
26,SpOrtfErWn
27,SpOrtvag@n
8,spOt
35,SpOt
1,SpOtnam@
3,SpOtprWs
2,Sprax&tl&s
11,Spraxfel@r
6,SpraxfOrS@r
48,Spraxg@brBx
5,SpraxS&=
7,SpraxUnt@rrIxt
6,SpraxvIs@nS&ftl@r
18,SprExkor
479,SprEx@r
8,SprExfUNk
1,SprExg@z&N
11,SprEN@l
6,SprENkLrp@r
28,SprENStOf
12,Sprig@l
15,SprIN
36,SprIN
5,SprINbrUn@n
43,SprIN@r
7,SprInt
11,SprInt@r
1,SprIt
1,SprI=&p&rat
5,SprI=@r
5,SprLslIN
15,SprOs
66,SprUx
5,Sprud@l
21,Spryreg@n
193,SprUN
17,SprUNlBf
9,SprUNtUrm
1,SpUkn&+
4,SpylStWn
2,SpyrhUnt
6,SpyrzIn
11,Spuk
1,SpUnt
20,SpUrt
2962,Stat
140,Sta=&nv&lt
61,Sta=&p&rat
1,Sta=b&NkrOt
6,Sta=b@&mt@
53,Sta=b@zux
3,Sta=b@trip
83,Sta=bYrg@r
3,Sta=dinst
1,Sta=fW@rtak
7,Sta=g@rIx=hof
40,Sta=hBsh&lt
2,Sta=k&pitalIsmUs
233,Sta=m&n
37,Sta=minIst@r
254,Sta=prEzidEnt
199,Sta=rat
386,Sta=zekretAr
9,Sta=zIx@rhW=dinst
17,Sta=fErtrak
61,Stap
27,StaphoxSprUN
3,St&bilizatOr
6,Stapsar=t
1,StapsfEltveb@l
7,StapsOfi=ir
16,St&x@l
25,St&x@ldrat
8,St&x@ldratfErhB
6,St&tbBrat
110,St&tb@=Irk
12,St&tdirEktOr
19,St&tkErn
6,St&tp&rk
5,St&tplan
52,St&tr&nt
147,St&trat
52,St&ttWl
8,St&tfErker
21,StAt@bB
6,StEt@r
12,StEt@tak
2,StEnd@r
1,StEnd@rat
1,StEnd@Stat
1,St&fEt@nlBf
1,St&f@llBf
207,Stal
21,StalbB
4,Staldrat
27,StalhElm
1,St&ket@n=Bn
124,St&l
1,St&lknExt
209,St&m
8,St&mbBm
1,St&m@sfErb&nt
22,St&mg&st
5,St&mh&lt@r
5,St&mkUnd@
2,St&ml@r
16,St&mtIS
1,St&mfat@r
2,St&m+@r
468,St&nt
34,St&nd&rtvert
3,St&nd@sdYNk@l
119,St&ntOrt
372,St&ntpUNkt
1,St&Nk
43,Stap@l
9,Stap@llBf
1,Stap@lpl&=
1,St&+@n
126,Star
4,St&rkStrom
1,St&rkStromtExnIk
2,St&rkO+
3,St&rzIn
305,St&rt
15,St&rt@r
12,St&rtpl&=
7,St&rtSUs
5,Statik@r
3,St&=ionsar=t
3,St&=ionsforSte@r
12,St&tIst
19,St&tIstik@r
1,StatOr
13,St&th&lt@r
11,StB
128,StBp
1,StBpl&p@n
7,StBpm&nt@l
11,StBpzBg@r
1,StBpved@l
16,StBd&m
25,StB@r
10,StBze
1,StEx&+@l
3,StExSrIt
13,StEkbrif
1,StEkkOnt&kt
5,Stek
3,StekrWf
3,Ste@r
2,StegWg@r
2,Stekrag@n
3,Stepl&=
19,StWk
2,StWkbyg@l
3,StWg@r
10,StWlh&N
360,StWn
7,StWnbB
1,StWnbod@n
4,StWnbrUx
1,StWnbUt
3,StWngart@n
28,StWnmE=
1,StWnSlak
14,StWnvUrf
1,StWs
20,StEl@nvert
3,StElm&x@r
389,StElfErtret@r
47,StEmp@l
8,StEN@l
10,StErb@f&l
29,StErlIN
422,StErn
1,StErndXt@r
7,StErn@nhIm@l
1,StEr=
9,StX@r&p=uk
16,StX@rb@rat@r
23,StX@rm&n
64,StX@r=al@r
4,Stev@n
72,StIx
1,StIx@l
15,StIxtak
27,StIkStOf
69,Stif@l
16,Stiffat@r
15,Stil
51,Stir
4,Stirk&m+
21,StIft
18,StIft
6,StIft@r
279,Stil
4,StilbrUx
4,StilIst
39,StIlSt&nt
3,StImUNsUmSvUN
19,StIm=Et@l
10,StipEndiat
3,StOx@r
123,StOk
2,StOpz@l
1,StTr
3,StTr@r
3,StTrm&nTv@r
3,StTrzEnd@r
304,StOf
4,StOfrEst
14,StOfvEks@l
7,StOl@n
19,StOlp@r
1,StOlp@rdrat
135,StOl=
4,StOp
1,StOp@lbart
8,StOp@r
32,StOrx
59,Stos
4,Stosd&m+@r
5,StostrUp
2,StosfErker
2,Stos=an
4,StOt@r@r
5,StrAflIN
5,Strafb@fel
1,StrafErl&s
16,Strafpro=Es
15,StraffOl=uk
84,Stral
28,StralUNsgYrt@l
146,Str&nt
1,Str&ntkOrp
23,Str&N
1,Stras@n&rbWt@r
58,Stras@nbB
16,Stras@ngrab@n
5,Stras@nnam@
8,Str&teg@
26,StrBx
100,StrBs
97,StrBs
2,Streb@r
34,StrWx
6,StrWx@r
36,StrWf
39,StrWf@n
4,StrWf@ndinst
11,StrWf@nvag@n
4,StrWfSUs
276,StrWk
2,StrWkbrEx@r
255,StrWt
5,StrWt@r
1,StrWtgeg@nSt&nt
10,StrEs
76,StrIx
24,StrIk
14,Strob@l
9,Strohut
7,StrOlx
326,Strom
14,StromkrWs
9,StromfErbrBx
24,Strud@l
2,StrUkturalIsmUs
68,StrUm+
13,StUk
721,StudEnt
2,StudEnt@n+&r@r
1,Studi@n&sEsOr
2,Studi@ndirEktOr
2,Studi@nfrXnt
37,Studi@nrat
1,StYklon
3,StYmp@r
46,StYrm@r
228,Stul
4,Stulg&N
2,StUk&tTr
2,StUm@l
7,StUm+
2,StUm+zIn
26,StUnd@nkilomet@r
27,StUnd@nlon
1,StUnd@n=Wg@r
1,StUNk
1,StUps
227,StUrm
4,StUrm&ngrIf
156,StUr=
5,StUr=fluk
5,StUr=hElm
3,zUpjEktivIsmUs
14,zuxdinst
2,zux@r
185,zyt
18,zyt&merikan@r
125,zyd@n
16,zyth&N
17,zytOst
17,zytpol
66,zytvEst
17,zytvEst@n
6,zytvEstvInt
1,zytvInt
7,zYnd@nbOk
15,zYnd@nf&l
22,zYnd@r
2,zysmOst
1,zysvWn
1,zUf
1,zUmton
45,zUm+
2,zUnt
9,zup@rm&n
3,zUp@nlLf@l
3,zUp@ntEl@r
4,zUre&lIsmUs
4,zUre&lIst
8,svIN
1,zYndik&lIst
1,zynErgIsmUs
1,zYstem&n&lytik@r
4,s=en@nvEks@l
1,tab&k+l&n=@r
2,tab&ksbXt@l
20,t&bEl@nfyr@r
5,t&bulatOr
16,tad@l
31,tEn=@r
174,tAt@r
4,tAtIxkW=b@rWx
1,tAtIxkW=dr&N
6,tXf@r
3,tXflIN
1,t&ft
5174,tak
31,tag@bB
2,tag@dip
3,tag@lTn@r
4,tag@s&nbrUx
2,tag@sdinst
10,tag@skUrs
5,tag@slBf
2,tag@sm&rS
1,tag@srBm
1,t&jTr
70,t&kt
5,t&ktik@r
4,t&ktStOk
2,t&lar
1,talbod@n
9,tal@r
46,t&lk
1,t&lk
1,t&lmudIsmUs
20,t&mpOn
5,t&N
31,t&Nk@r
9,t&Nkvag@n
6,t&Nkv&rt
10,t&n
2,t&n@nv&lt
167,t&n=
13,t&n=ab@nt
1,t&n=bod@n
4,t&n=kUrs
1,t&n=ler@r
2,t&n=mWst@r
1,t&n=p&rtn@r
11,t&n=zal
1,t&n=SrIt
1,t&n=te
3,t&n=Unt@rrIxt
2,t&pet@nvEks@l
1,t&pe=ir@r
2,t&+@n
1,tapir
3,t&p
39,t&rifp&rtn@r
2,t&rifz&=
41,t&riffErtrak
1,t&rn&nStrIx
2,t&rn&n=uk
1,t&S@ndip
1,t&S@nk&m
1,t&S@nkreps
2,t&S@nSpig@l
2,t&S@nSpil@r
1,t&st@r
72,tatb@St&nt
7,tat@ndr&N
26,tatOrt
5,tatz&x@nb@rIxt
9,tB
8,tB
1,tBb@nSlak
6,tBb@r
24,tBx@r
3,tBx@r&n=uk
2,tBxzid@r
2,tBfbrUn@n
3,tBfpat@
6,tBm@l
88,tBnUs
34,tBS
1,tBSh&nd@l
1,tBSvert
14,tBz@nd@r
1,tBz@ntfysl@r
1,tBz@ntz&sa
1,tBtrO+@n
4,t&ksatOr
15,t&ksISOfTr
42,t&ksifar@r
2,t&ksiSt&nt
1,t&ksprWs
2,t&ksUs
6,t&ksvert
221,tExnik@r
1,tExni=IsmUs
2,tExnokrat
23,tExnolog@
3,tEdibAr
80,te
1,teab@nt
4,tekEs@l
2,telLf@l
7,ter
1,tevag@n
23,teg@l
30,tWx
5,tWk
2,tWl&spEkt
13,tWlb@rWx
14,tWlb@trak
1,tWl@r
71,tWlhab@r
358,tWlnem@r
1,tWlStrIx
2,telefonIst
24,telegraf
23,telegraf
63,tEl@r
2,tEl@rvES@r
1,tEmp@r&turregl@r
6,tEmp@r&turrYkg&N
10,tEmpofErlUst
3,tEnIsb&l
36,tEnIspl&=
4,tEnIsSlAg@r
3,tEnIsSu
1,tEno
26,tenor
2,tEpIxbod@n
1,tEpIxklO+@r
6,tErm@
240,tErmin
20,tErmink&lEnd@r
27,tErminUs
4,tEri@r
110,tErOr
2,tErOr&ngrIf
69,tErorIst
5,tEstpilot
132,tXf@l
2,tXf@lskErl
14,tXf@lskrWs
5,teat@rab@nt
2,teat@rbB
3,teat@rrBm
8,teat@rzal
1,teIsmUs
4,tem@nb@rWx
5,tem@nkrWs
98,teolog@
24,teoretik@r
2,tErmopl&st
1,tErmostat
2,ton
43,tron
3,tronErb@
19,tronfOlg@r
1,tymian
11,tifBslXf@r
36,tifbB
2,tifdrUk
5,tifflig@r
7,tifg&N
6,tifpUNkt
4,tifSlak
6,tifzIn
6,tifSt&nt
5,tifStral@r
4,tig@l
27,tirar=t
7,tirfrXnt
35,tirgart@n
1,tirh&lt@r
26,tirp&rk
6,tirSU=fErWn
10,tirfErzux
1,tir=Yxt@r
45,tig@r
11,tInt@nfIS
1,tInt@nkuli
2,tIp@r
3,tIpfel@r
3,tIp=Et@l
599,tIS
1,tIShEr
20,tISl@r
5,tISn&xbar
1,titan@
506,tit@l
3,tit@lhElt
16,tit@ltrAg@r
44,tit@lfErtWdIg@r
21,tost
1,tost@r
1019,tot
45,tod@sf&l
5,tod@sk&m+
1,tod@sk&ndidat
3,tod@sStos
29,tod@stak
23,totfWnt
12,tLlp@l
6,tL+@r
2,to&lEt@n&rtik@l
2,to&lEt@nrBm
1,to&lEt@nSpig@l
8,to&lEt@ntIS
1,tOm&hak
2,ton&pnem@r
26,tonf&l
8,tonfIlm
61,tO+
1,tO+l&p@n
1,topograf
3,topOs
206,tor
425,tor
2,torbog@n
3,tOrf
1,tOrfmUl
57,torhyt@r
1,torlBf
6,torm&n
6,tOrnIst@r
5,tOrpedo
2,torSlUs
2,torvExt@r
59,torv&rt
1,torvek
2,tot&lizatOr
101,tot&litarIsmUs
279,tot@
1,totemIsmUs
9,tot@nbBm
15,tot@ngrAb@r
6,tot@nkO+
8,tot@nSAd@l
4,tot@nSWn
5,tot@nt&n=
3,totSlAg@r
24,totSlak
6,tur@nvag@n
1,tur@n=Al@r
13,turIsmUs
92,turIst
1,tOksikolog@
10,trap
12,tr&b&nt
35,trab@r
3,tr&di=ion&lIsmUs
187,trAg@r
21,trXm@r
6,tragik@r
2,trakrim@n
2,tr0
249,trAn@r
11,trAnINs&n=uk
109,tr&ktOr
54,tr&ktorIst
1,tram
1,tr&m
3,trEmp@l+at
8,tran
8,tr&Nk
9,tr&nsfOrmatOr
1,tr&nzith&nd@l
9,tr&nzitfErker
1,tr&nzit=Ol
2,tr&nsmIsionsrim@n
170,tr&nspOrt
16,tr&nspOrt&rbWt@r
1,tr&nspOrtb@hElt@r
9,tr&nspOrt@r
1,tr&nspOrtTr
1,tr&pe=kYnstl@r
1,tr&p
7,trB&ltar
3,trB@rflor
6,trB@rm&rS
1,trB@rr&nt
1,trB@rtak
8,trB@r=uk
225,trBm
6,trBrIN
1,trBSWn
6,trB=Xg@
5,trol@r
6,trEk
4,trEf
119,trEf@r
1,trEfpl&=
61,trEfpUNkt
5,trWb@r
1,trWphBsEfEkt
1,trWprim@n
76,trWpStOf
1,trWd@l
2,trWdl@r
1,trEnUNsStrIx
4,trEp@n&pz&=
2,trEp@nvI=
17,trXhEnd@r
8,trIxt@r
9,trIkfIlm
19,trip
12,tripvag@n
1,trIl@r
1,trINkbEx@r
4,trINk@r
11,trINkSprUx
46,trIt
2,triUmfatOr
4,triUmfbog@n
3,triUmf=uk
2,trTd@l
1,trTd@llad@n
3,trTdl@r
2,trok
1,trOm@lrevOlvEr
3,trOm@lSlak
6,trOm@lvIrb@l
27,trOml@r
2,trOmpet@nStos
11,trOmpet@r
1,trop@n&n=uk
3,trop@nhElm
2,trO+
60,trO+@n
1,trO+StWn
7,trOs
73,trost
1,trost+l&st@r
5,trostprWs
8,trOt
2,trOt@l
60,trO=
2,trypzIn
4,trYm@rgrUntStYk
8,trYm@rhBf@n
11,truk
4,trukSlUs
30,trUm+
5,trUNk
2,trUNk@nbOlt
7,trUp
3,trUp@nfyr@r
7,truthan
1,tYftl@r
2,tYl
49,tYml@r
11,tYmp@l
2,tyrflyg@l
1,tyrgrIf
3,tyrhyt@r
1,tYrk@nbUnt
17,tyrram@n
4,tyrSp&lt
1,tyrSte@r
3,tUf
1,tug@ntbOlt
2,tug@ntvExt@r
7,tUm@lpl&=
2,tU+
2,tU+@n
3,tU+@r
4,tUrban
5,tUrbogeneratOr
1,tUrbokOmprEsOr
107,tUrm
2,tUrmbB
46,tUrn@r
1,tUrnler@r
4,tUrnSu
2,tUrnfat@r
10,tUrnfErWn
17,tUS
1,tUSk&st@n
1,tutOr
5,typ@nheb@l
6,tyfUs
64,typUs
15,yb@ltAt@r
6,yb@rbB
106,yb@rblIk
5,yb@rbrIN@r
1,yb@rdrUk
18,yb@rdrUs
5,yb@rWf@r
111,yb@rf&l
1,yb@rflWs
23,yb@rflUs
188,yb@rg&N
1,yb@rg&Nsm&nt@l
4,yb@rg&Ns=uSt&nt
20,yb@rgrIf
9,yb@rh&N
5,yb@rlXf@r
7,yb@rmEnS
22,yb@rmut
1,yb@rnam@
4,yb@rprWs
31,yb@rrEst
9,yb@rSlak
67,yb@rSUs
7,yb@rSv&N
2,yb@rzed&m+@r
8,yb@rzE=@r
3,yb@rtrAg@r
6,yb@rtrak
2,yb@rvek
2,yb@rvInd@r
1,yb@r=iUNskredit
2,yb@r=uk
4,ybUNspl&=
25,urm&x@r
4,ur=Wg@r
1,ur=Wg@rzIn
2,uhu
7,ulan
1,Ulk
5,Ultimo
2,UltrakUr=vEl@nzEnd@r
3,UltraS&l
52,UmbB
12,UmbrUx
376,Umf&N
4,UmfOrm@r
111,Umg&N
5,Umh&N
4,UmklWd@rBm
67,UmkrWs
65,UmlBf
1,Umleg@krag@n
13,UmrIs
1,UmrIt
913,Umz&=
81,UmSlak
8,UmSlakpl&=
12,UmSvUN
492,UmSt&nt
1,UmStWg@r
1,UmStElUNspro=Es
23,UmStUr=
37,UmtBS
13,Umtrip
3,UmtrUNk
77,Umvek
49,UmvEltSU=
1,Umvon@r
39,Um=uk
5,Und&Nk
311,Unf&l
12,Unf&ltot
12,Unf&lvag@n
5,Unfrid@
4,Unfrid@n
29,Unfuk
8,Ung@horzam
7,UngWst
5,UnglBb@
3,UnglBb@n
28,UnglYksf&l
2,UnionIst
15,UnivErzitA=profEsOr
2,UNk@nruf
6,UnkOst@nbWtrak
32,UnmEnS
25,Unmut
11,Unrat
5,Unru@hert
3,Unru@StIft@r
5,UnzIx@rhW=f&ktOr
108,UnzIn
14,Unt@r&rm
13,Unt@rbB
2,Unt@rbrEx@r
3,Unt@rdrUk
8,Unt@rfyr@r
260,Unt@rg&N
32,Unt@rgrUnt
15,Unt@rhEndl@r
28,Unt@rh&lt
2,Unt@rh&lt@r
2,Unt@rh&ltUNsroman
1,Unt@rh&ltUNstWl
9,Unt@rkif@r
3,Unt@rkLrp@r
6,Unt@rl&s
7,Unt@rlBf
12,Unt@rlWp
4,Unt@rmEnS
21,Unt@rmit@r
2,Unt@rnem@nslWt@r
249,Unt@rnem@r
3,Unt@rnem@rgWst
5,Unt@rnemUNsgWst
57,Unt@rOfi=ir
188,Unt@rrIxt
1,Unt@rrIx=geg@nSt&nt
5,Unt@rrOk
3,Unt@rz&=
2,Unt@rSENk@l
470,Unt@rSit
5,Unt@rSi=b@trak
14,Unt@rSlU+
19,Unt@rSta=zekretAr
3,Unt@rSt&nt
1,Unt@rStY=UNsEm+EN@r
31,Unt@rzuxUNsBsSUs
2,Unt@rtag@&rbWt@r
36,Unt@rtan
18,Unt@rtit@l
16,Unt@rton
12,Unt@r=Wxn@r
2,UnfErSt&nt
1,Unvert
16,UnvIl@
8,UnvIl@n
5,ur
1,urad@l
3,uranUs
2,urWnvon@r
5,urENk@l
5,urgrosfat@r
36,urheb@r
8,urin
274,urlBp
37,urlBb@r
5,urlBpstak
8,urmEnS
2,urolog@
1,urkvEl
206,urSprUN
5,UrtWlsSprUx
2,urtEkst
2,urtyp
2,urfat@r
39,urv&lt
5,ur=uSt&nt
2,uzUrpatOr
1,utopIsmUs
2,utopIst
11,v&g&nt
2,v&lOr
9,v&z&l
1406,fat@r
2,fat@rl&n=fErtWdIg@r
2,fat@rmLrd@r
5,vegetari@r
3,veget&rIsmUs
5,vEntilatOr
5,venUsbErk
2,fErExt@r
1,fEr&nl&s@r
77,fEr&nSt&lt@r
487,fErb&nt
3,fErb&n=k&st@n
1,fErbEs@r@r
23,fErbEs@rUNsforSlak
7,fErbIndUNsm&n
23,fErblWp
84,fErbrBx
183,fErbrBx@r
125,fErbrEx@r
2,fErbrWt@r
9,fErbrEnUNsmotOr
14,fErbUnt
164,fErd&xt
1,fErd&x=grUnt
7,fErdErp
1,fErdIxt@r
2,fErdin@r
110,fErdinst
8,fErdinstBsf&l
8,fErdrUs
31,fErer@r
343,fErWn
32,fErf&l
118,fErf&s@r
57,fErf&sUNsSU=
36,fErfExt@r
1,fErfOlk
34,fErfOlg@r
4,fErfOlgUNsvan
1,fErfr&xt@r
19,fErfyr@r
13,fErgaz@r
407,fErglWx
2,fErh&lt@nsmUst@r
22,fErh&ndlUNsp&rtn@r
4,fErhB
57,fErkXf@r
377,fErkBf
38,fErkBfsprWs
375,fErker
7,fErkersdelIkt
2,fErkersStB
77,fErkersUnf&l
7,fErlad@r
596,fErlak
18,fErl&s
392,fErlBf
84,fErleg@r
3,fErlW
4,fErlW@r
12,fErlXmd@r
25,fErlir@r
1,fErlobUNsrIN
369,fErlUst
26,fErmErk
22,fErmit@r
12,fErmIst@
31,fErmItl@r
3,fErnIxtUNslag@r
3,fErpU=
46,fErrAt@r
63,fErrat
4,fErruf
167,fErs
14,fErzag@r
26,fErz&nt
24,fErz&nth&nd@l
5,fErSlak
17,fErSlWs
8,fErSlUs
4,fErSnIt
3,fErSvEnd@r
12,fErSvTr@r
1,fErsfus
14,fErzIx@r@r
1,fErzIx@rUNsb@truk
4,fErzIx@rUNsf&l
1,fErzOrg@r
3,fErSprEx@r
7,fErStErk@r
270,fErSt&nt
1,fErStWg@r@r
56,fErStos
963,fErzux
4,fErzux@r
181,fErtWdIg@r
172,fErtWdIgUNsminIst@r
8,fErtWl@r
903,fErtrak
14,fErtraks&pSlUs
12,fErtraksbrUx
2,fErtrB@nsar=t
4,fErtrB@nsbrUx
1242,fErtret@r
79,fErtrip
1,fErfilfEltIgUNs&p&rat
36,fErv&lt@r
7,fErv&ltUNsBfv&nt
3,fErv&ltUNsdinst
9,fErvWs
16,fErvEndUNs=vEk
1,fErvez@r
1,fErvezUNsg@rux
46,fErvUnd@t@
3,fEr=er
232,fEr=Ixt
23,fEr=uk
52,fEt@r
13,vib@St&nt
1,fivag@n
5,fi=Yxt@r
2,filfras
9,firbWn@r
45,fir@r
4,firjar@splan
1,firk&nt
1,fir=Wl@r
1,violinIst
4,vizUm=v&N
22,viz@k&n=l@r
161,viz@prEzidEnt
30,fLlk@rbUnt
235,fog@l
9,fOlksfWnt
21,fOlksmUnt
10,fOlksSyl@r
14,fOlksSuller@r
7,fOlksSpOrt
10,fOlkst&n=
51,fOlksfErtret@r
48,fOlksvag@n
3,fOlbart
3,fOlb@zI=
3,fOlblyt@r
3,fOld&m+
26,fOlmont
7,fOltrEf@r
33,fOl=uk
77,forab@nt
6,forbB
3,forb@d&xt
74,forb@h&lt
5,fOrbWm&rS
1,forb@rWtUNsdinst
3,forb@rWtUNskUrs
3,forb@rWtUNskUrzUs
5,forb@rIxt
1,forb@SWt
2,forblIk
5,forbot@
174,fOrd@rgrUnt
1,fOrd@rlad@r
14,fOrd@rm&n
4,fOrd@rzI=
3,fordrUk
38,forfar
72,forf&l
1,forfIlm
4,forfrylIN
3,forfyr@r
125,forgEN@r
452,forg&N
15,forgart@n
6,forg@Sm&k
1,forh&lt
108,forh&N
12,forhof
19,forkEm+@r
1,forkBf
21,forlXf@r
34,forlBf
1,forlez@r
2,form&n
31,form&rS
2,formEnS
137,formItak
38,formonat
10,formUnt
71,fornam@
48,forOrt
5,forpl&=
6,forpOst@n
96,forr&N
120,forrat
2,forra=rBm
10,forrBm
7,forredn@r
26,forz&=
28,forSWn
1281,forSlak
1,forSlakh&m@r
13,forSup
19,forSUs
140,forzI=
64,forzI=@r
2,forzOm@r
1,forSprUx
145,forSprUN
565,forSt&nt
9,forSte@r
74,forStos
152,fortak
355,fortWl
240,fortrak
6,fortrip
1,fortUrn@r
3,forfat@r
11,forfErkBf
57,forv&nt
346,forvUrf
122,for=uk
6,for=uksprWs
1,vUlk&nizTr
6,vUlk&nIsmUs
1,v&xdinst
1,v&xhab@nd@
5,v&xm&n
2,v&xOld@r
1,v&xOld@rSn&ps
10,v&xtmWst@r
6,v&xtpOst@n
5,v&xttUrm
1,vad@nkr&m+
23,vExt@r
193,vAl@r
2,vEl=@r
1,vErm@grat
13,vErt@r
10,vES@kOrp
5,v&f@nb@zI=
4,v&f@nbrud@r
3,v&f@nSWn
72,v&f@nStIlSt&nt
7,vag@mut
860,vag@n
2,vag@nbB@r
1,vag@nfyr@r
1,vag@nheb@r
3,vag@np&rk
4,vag@ntyp
41,v&gn@r
2,valBsSUs
4,valb@=Irk
154,valk&m+
55,valkrWs
27,valzik
3,valSprUx
25,van
32,vanzIn
2,vanvI=
1,varhW=b@vWs
1,varhW=zIn
3,varzag@r
33,val
480,v&lt
25,v&lt&rbWt@r
4,v&ltb@St&nt
6,v&ltbod@n
13,v&ltbr&nt
3,v&ltlBf
18,v&ltmWst@r
27,v&ltr&nt
15,v&ltvek
2,valfEN@r
2,valf&N
5,v&lfIS
87,v&l
18,v&l&x
2,v&lfar@r
5,v&lfar=Ort
6,v&lnUsbBm
27,v&l=@r
2,v&ntb@h&N
104,v&nd@l
7,v&nd@lg&N
8,v&nd@r&rbWt@r
59,v&nd@r@r
3,v&nd@rpredIg@r
1,v&nd@rsm&n
1,v&nd@rStap
6,v&nd@rfog@l
2,v&nd@r=IrkUs
2,v&ntk&lEnd@r
1,v&ndlUNspro=Es
3,v&ndr@r
2,v&ntSr&Nk
3,v&nttEpIx
5,v&nst
49,var@nBstBS
6,v&rn@r
4,v&rnruf
8,v&rnSUs
22,v&rt
6,v&rt@rBm
7,v&rt@zal
2,v&rt@St&nt
2,v&SbAr
6,v&SrBm
1,v&Stak
12,v&s@rb&l
7,v&s@rd&m+
4,v&s@rgrab@n
11,v&s@rhan
1,v&s@rkEs@l
6,v&s@rkO+
3,v&s@rlBf
4,v&s@rm&n
2,v&s@rSad@n
3,v&s@rSlBx
13,v&s@rSpig@l
9,v&s@rSpOrt
16,v&s@rSt&nt
48,v&s@rStOf
13,v&s@rStral
10,v&s@rvek
5,v&s@rvErf@r
3,v&t@bBS
120,veb@r
4,vepStul
177,vEks@l
1,vEks@lg@z&N
4,vEks@lkredit
43,vEks@lkUrs
23,vEks@lStrom
2,vEkruf
10,ved@l
2552,vek
11,vekb@rWt@r
5,veg@bB
1,veg@rIx
10,vEkf&l
7,vEkg&N
3,vekg@nOs@
3,vekr&nt
14,vekvWz@r
16,verb@Bftrakt@
71,verdinst
2,verdinstfErvWg@r@r
2,vWx@nStEl@r
1,vWxkAz@
1,vWd@pl&=
1,vWtm&n
5,vWbISOf
2,vW@r
7,vWn&x=ab@nt
14,vWn&x=bBm
19,vWn&x=m&n
14,vWn&x=m&rkt
25,vWn&x=tak
4,vWn&x=tIS
7,vWrBx
227,vWn
12,vWnbB
3,vWnbB@r
9,vWnbr&nt
4,vWngArtn@r
6,vWngart@n
2,vWnkEl@r
4,vWnkEn@r
6,vWnkr&m+
1,vWnOrt
2,vWnStWn
2,vWnStOk
1,vWz@r
1,vWsfIS
17,vWskol
6,vWsvWn
13,vWtblIk
6,vWt@rfluk
1,vWt@rfErkBf
29,vWtSprUN
164,vW=@n
3,vEl@nbErk
1,vEl@nbrEx@r
1,vEl@ng&N
2,vEl@nk&m
13,vEl@nzItIx
4,vElp@
6,vElt&tl&s
14,vElt@nrBm
112,vEltfrid@n
18,vEltg@vErkS&f=bUnt
26,vElth&nd@l
523,vEltkrik
3,vEltm&n
99,vEltmWst@r
157,vEltrBm
108,vEltrekOrt
15,vEltruf
9,vEltrum
2,vEltSmEr=
4,vEltUnt@rg&N
50,vEnd@
1,vEnd@krWs
27,vEnd@pUNkt
15,vErb@f&xm&n
8,vErb@fIlm
14,vErb@lWt@r
11,vErb@r
4,vErb@slog@n
2,vErb@SprUx
2,vErb@tEkst
14,verd@g&N
1,vErf@r
15,vErft&rbWt@r
23,vErkbUnt
41,vErklWt@r
4,vErkmWst@r
38,vErkStOf
1,vErkStudEnt
18,vErktak
11,vErk=Xkm&x@r
1,vErk=XkStal
5,vermut
2,vermU=trO+@n
1,vermutvWn
919,vert
3,vertgeg@nSt&nt
4,vertmEs@r
21,vert=uv&ks
6,vervOlf
23,vez@ns=uk
520,vEst
282,vEst@n
9,vEstvInt
708,vEtb@vErp
10,vEtb@vErb@r
3,vEtWf@r
12,vEt@rb@rIxt
17,vEt@rdinst
1,vEt@rhan
1,vEt@rUmSlak
6,vEtkEm+@r
74,vEtk&m+
37,vEtlBf
28,vEtStrWt
1,vE=StWn
4,vIxt
6,vId@r
5,vid@rhak@n
29,vid@rh&l
1,vid@rkl&N
15,vid@rruf
26,vid@rz&x@r
8,vid@rSWn
9,vid@rzIn
300,vid@rSprUx
3,vid@rSprUxsgWst
403,vid@rSt&nt
53,vid@rSt&n=kEm+@r
3,vid@rSt&n=vIl@
12,vid@rStrWt
7,vid@rvIl@
1,vid@hO+
127,vid@rBfbB
5,vid@rb@gIn
8,vid@rb@lebUNsfErzux
1,vid@rWntrIt
2,vid@rholUNsf&l
1,vid@rtXf@r
3,vIltb&x
15,vIltdip
19,vIld@r@r
2,vIltf&N
31,vIlthyt@r
1,vIltp&rk
1,vIltrWxtum
1,vIltvEst
2,vIltvEstfIlm
1,vIltvuks
467,vIl@
272,vIl@n
4,vIl@ns&kt
8,vIlkOm@nsgrus
7,vIlkyr&kt
20,vImp@l
370,vInt
2,vIntbXt@l
5,vIntf&N
7,vInthUnt
2,vIntmyl@nflyg@l
8,vIntS&t@n
10,vIntStos
35,vINk
109,vINk@l
1,vINk@l=uk
285,vInt@r
1,vInt@r&+@l
2,vInt@rfarplan
5,vInt@rgart@n
13,vInt@rm&nt@l
16,vInt@rmonat
7,vInt@rSlaf
1,vInt@rSlUsfErkBf
23,vInt@rSpOrt
5,vInt@rtak
7,vI+@l
49,vIrb@l
8,vIrb@lStUrm
4,vIrb@lvInt
2,vIrk@r
2,vIrklIxkW=zIn
13,vIrkStOf
32,vIrkUNsb@rWx
30,vIrkUNsgrat
90,vIrkUNskrWs
1,vIrkO+
11,vIrzINkol
101,vIrt
15,vIrtS&ftl@r
3,vIrtS&f=dirEktOr
7,vIrtS&f=krik
71,vIrtS&f=minIst@r
47,vIrtS&f=pryf@r
13,vIrtS&f=rBm
46,vIrtS&f==vWk
6,vIS
3,vIS@r
504,vIs@nS&ftl@r
6,vIs@nS&f=b@trip
2,vIs@nsdr&N
3,vIs@nsdUrst
2,vIs@nsStOf
18,vItv@r
96,vI=
4,vI=bOlt
4,vOx@nlon
10,vOx@nm&rkt
14,vOx@ntak
21,vOtka
1,volfar=Stat
5,volg@rux
3,volg@Sm&k
2,volkl&N
1,vollBt
150,volSt&nt
6,voltAt@r
20,vonbB
17,vonblOk
46,vonOrt
56,vonrBm
32,vonzI=
149,vonUNsbB
10,vonUNsm&rkt
6,vonUNstBS
4,vonUNsvEks@l
5,vonvag@n
130,vOlf
1,vOlfshUnt
12,vOlk@nbrUx
17,vOlk@nkr&=@r
10,vOlStOf
2,vOn@monat
3,vOrtbrUx
10,vOrtfyr@r
1,vOrtklBb@r
106,vOrtlBt
1,vOrtrWxtum
17,vOrtS&=
7,vOrtSv&l
1,vOrtzIn
2,vux@r
8,vux@r@r
5,vux@rprWs
4,vuks
13,vYrd@ntrAg@r
21,vYrf@l
7,vYrg@r
1,vyst@nz&nt
2,vyt@rIx
5,vUnd@rdOktOr
1,vUnd@rglBb@
6,vUnd@rtAt@r
997,vUnS
16,vUnStrBm
3,vUnS=Et@l
35,vUrf
26,vUrm
4,vut&nf&l
1,vutBsbrUx
13,jEn
3,joga
8,=Al@r
1,=al@r
13,=alUNsb@fel
1,=anSmEl=
4,=anSmEr=
2,=anStOx@r
5,=antExnik@r
15,=&nd@r
4,=&Nk
1,=&+
3,=&+@n
6,=&+@nStrWx
3,=&rIsmUs
1,=&st@r
44,=Bb@r
15,=Bb@r@r
1,=Bb@rkYnstl@r
3,=Bb@rSprUx
1,=Bb@rtr&Nk
7,=Bd@r@r
19,=ebraStrWf@n
4,=Ex@r
1,=ExprEl@r
16,=enk&m+
2,=Wx@nblOk
2,=Wx@nler@r
1,=Wx@nStIft
19,=Wxn@r
50,=Wg@fIN@r
26,=Wg@r
1,=Wg@StOk
1,=Wl@n&pSt&nt
75,=Wtg@nOs@
12,=Wtg@vIn
3,=Wtm&N@l
1,=WtmEs@r
1,=Wtnem@r
10,=WtUNs&rtik@l
8,=WtUNsb@rIxt
9,=WtUNslez@r
1,=WtUNstrAg@r
1,=WtUNsfErkXf@r
3,=Eltpl&=
4,=eremoninmWst@r
5,=ErStXb@r
24,=ErStTr@r
1,=et@r
161,=Xg@
2,=Xg@nSt&nt
1,=Ik=&kkUrs
18,=ig@lStWn
3,=ig@nbOk
8,=igl@r
7,=ibrUn@n
4,=ilrIxt@r
1,=irgart@n
6,=ig&rEt@nrBx
3,=ig&rEt@nrBx@r
3,=ig&r@n&pSnWd@r
9,=Im@r@r
1,=Im@rhEr
53,=Im@rm&n
1,=IN@l
1,=Inz@s=Ins
33,=Insz&=
6,=I+@l
2,=itron@nz&ft
4,=ivilb@ruf
2,=ob@l
11,=Lln@r
9,=oolog@
42,=O+
4,=Orn@sBsbrUx
2,=ub@r
5,=ubrIN@r
2,=ubrIN@rdinst
5,=UxthXsl@r
8,=Yxt@r
26,=yg@l
6,=YntSlYs@l
10,=ukfyr@r
7,=ukfog@l
10,=uhElt@r
86,=uhTr@r
5,=unam@
3,=Und@r
1,=Unftg@nOs@
5,=UN@nSlak
2,=uz&m@nbB
87,=uz&m@nbrUx
3,=uz&m@nflUs
22,=uz&m@nh&lt
1096,=uz&m@nh&N
11,=uz&m@npr&l
96,=uz&m@nStos
59,=uz&=
618,=uSB@r
7,=uSB@rrBm
3,=uSnWd@r
2,=utrAg@r
2,=uv&nd@r@r
435,=vWf@l
10,=vWf@lsf&l
30,=vWk&m+
1,=vWm&st@r
5,=vWzIts@r
2,=vWt&kt@r
2,=vWtvag@n
4,=vIlINsbrud@r
12,=vIN@r
2,=vIS@n&kt
3,=vIS@nb@SWt
134,=vIS@nf&l
2,=vIS@nlBf
10,=vIS@nrBm
39,=vIS@nruf
1,=vIt@r
1,=vLlffIN@rd&rm
4,=ylInd@rhut
1,=ylInd@rkO+
4,=ynik@r
